Statut;Type;Tension (kV);Nom de la ligne;Coordonnées géopraphiques;Geo Shape
En exploitation;Souterrain;63;Le Port/Marquet2;-20.944428543,55.3101970825;"{""type"": ""LineString"", ""coordinates"": [[55.3283374, -20.931485], [55.3283343, -20.9317612], [55.3284239, -20.9319673], [55.3285582, -20.9322757], [55.3287379, -20.9322821], [55.3288167, -20.9324134], [55.328931, -20.9331009], [55.3288864, -20.9335054], [55.328384, -20.934911], [55.3280726, -20.9352334], [55.3260924, -20.9358647], [55.3256219, -20.9361727], [55.3261972, -20.9366976], [55.3264214, -20.9370632], [55.3264628, -20.9376585], [55.3292417, -20.9401235], [55.3285269, -20.9413768], [55.3279781, -20.9420561], [55.3272365, -20.9427967], [55.326179, -20.9437112], [55.3258127, -20.9439355], [55.3230337, -20.944854], [55.3223547, -20.9449631], [55.3180025, -20.9447049], [55.3178752, -20.9445302], [55.3176396, -20.9443543], [55.3172837, -20.9444278], [55.3171435, -20.9446118], [55.3136591, -20.9443824], [55.3127261, -20.9441974], [55.3120061, -20.9439186], [55.3113, -20.9434991], [55.3106173, -20.9430936], [55.3081505, -20.9406332], [55.3077493, -20.9406735], [55.3073184, -20.9406692], [55.3056264, -20.9434684], [55.3054253, -20.9443632], [55.305194, -20.944843], [55.3021513, -20.949612], [55.3021675, -20.9499984], [55.3020287, -20.9501394], [55.301684, -20.9501522], [55.3014578, -20.9500876], [55.2958123, -20.9520842], [55.2950836, -20.9522855], [55.2925256, -20.9514039], [55.2921683, -20.951061], [55.28759, -20.9497796], [55.288008, -20.9460243], [55.28783, -20.9456807], [55.2861592, -20.9453983]]}"
En exploitation;Souterrain;63;Digue/Possession2;-20.8751556,55.4423478;"{""type"": ""LineString"", ""coordinates"": [[55.4420507, -20.8745806], [55.4426449, -20.8757306]]}"
En exploitation;Souterrain;63;Digue/Possession2;-20.9242530014,55.3356247566;"{""type"": ""LineString"", ""coordinates"": [[55.3352654, -20.9259217], [55.3353988, -20.9253023], [55.3359841, -20.9225843]]}"
En exploitation;Souterrain;63;Digue/Possession2;-20.9113743509,55.3375559875;"{""type"": ""LineString"", ""coordinates"": [[55.3359841, -20.9225843], [55.3374391, -20.9158276], [55.338412, -20.9000658]]}"
En exploitation;Souterrain;63;Digue/Possession2;-20.8692289,55.3549349;"{""type"": ""LineString"", ""coordinates"": [[55.3524097, -20.8703938], [55.3574601, -20.868064]]}"
En exploitation;Souterrain;63;Digue/Possession2;-20.86194175,55.3707294;"{""type"": ""LineString"", ""coordinates"": [[55.3650874, -20.8645451], [55.3763714, -20.8593384]]}"
En exploitation;Souterrain;63;Digue/Possession2;-20.86084295,55.4239241;"{""type"": ""LineString"", ""coordinates"": [[55.4195903, -20.8599896], [55.4282579, -20.8616963]]}"
En exploitation;Souterrain;63;Digue/Possession2;-20.8630306622,55.4326206638;"{""type"": ""LineString"", ""coordinates"": [[55.4282579, -20.8616963], [55.4317565, -20.8623852], [55.4367899, -20.864928]]}"
En exploitation;Souterrain;63;Digue/Possession2;-20.8722127923,55.4412751251;"{""type"": ""LineString"", ""coordinates"": [[55.4405224, -20.8698514], [55.4407834, -20.8701958], [55.4416321, -20.8737704], [55.4420507, -20.8745806]]}"
En exploitation;Souterrain;63;Digue/Possession2;-20.8745572628,55.377278105;"{""type"": ""LineString"", ""coordinates"": [[55.3352654, -20.9259217], [55.3352359, -20.9258603], [55.3373608, -20.9158134], [55.3391876, -20.8858632], [55.3461532, -20.873186], [55.3821158, -20.8565534], [55.3830385, -20.8565117], [55.3910216, -20.8556698], [55.3916187, -20.8555885], [55.396316, -20.8552757], [55.4047956, -20.8569606], [55.4057379, -20.8571501], [55.407382, -20.8574651], [55.4136617, -20.8587243], [55.4168137, -20.8593573], [55.4196235, -20.8599048], [55.425787, -20.8611121], [55.431346, -20.8622062], [55.4317952, -20.8622973], [55.4346592, -20.8637348], [55.4369036, -20.8648509], [55.4409085, -20.8701211], [55.4417471, -20.8737542], [55.4426581, -20.8755695], [55.4426449, -20.8757306]]}"
En exploitation;Souterrain;63;Digue/Moufia;-20.8897220016,55.4470797052;"{""type"": ""LineString"", ""coordinates"": [[55.4455193, -20.8894064], [55.445938, -20.8895062], [55.4460462, -20.8894719], [55.4462395, -20.8891497], [55.4467732, -20.8892559], [55.4467228, -20.8895904], [55.4467529, -20.889637], [55.4482031, -20.890005], [55.4482145, -20.890047], [55.4480721, -20.8904403], [55.4481063, -20.8905287], [55.448361, -20.8906258]]}"
En exploitation;Souterrain;63;Digue/Moufia;-20.8912335527,55.4501872525;"{""type"": ""LineString"", ""coordinates"": [[55.4483633, -20.8906268], [55.4499977, -20.8913327], [55.450255, -20.8914144], [55.4503486, -20.8914306], [55.4507894, -20.8914391], [55.4508524, -20.8914727], [55.4516051, -20.8914795], [55.4516406, -20.8914556], [55.452082, -20.8914596]]}"
En exploitation;Souterrain;63;Digue/Moufia;-20.8906954161,55.4560234459;"{""type"": ""LineString"", ""coordinates"": [[55.4520899, -20.8914597], [55.4527478, -20.8914656], [55.4527807, -20.8914417], [55.4528072, -20.8913758], [55.4528137, -20.8907345], [55.4528448, -20.8906709], [55.4528468, -20.8904746], [55.4528315, -20.8903666], [55.4528257, -20.8902496], [55.4528335, -20.890177], [55.4528621, -20.8901288], [55.4529186, -20.8901007], [55.4529749, -20.8901012], [55.4537131, -20.89039], [55.4541221, -20.8905325], [55.4549616, -20.8907825], [55.4561543, -20.8908903], [55.4571385, -20.8909697], [55.4573826, -20.8909719], [55.4577863, -20.890905], [55.458405, -20.8907409], [55.4591036, -20.89054], [55.4595386, -20.8904162], [55.4602653, -20.8902353], [55.46086, -20.890093]]}"
En exploitation;Souterrain;63;Digue/Moufia;-20.894539803,55.4714173467;"{""type"": ""LineString"", ""coordinates"": [[55.4676592, -20.8921819], [55.4703233, -20.893581], [55.4703534, -20.893621], [55.4704911, -20.8936971], [55.4705732, -20.8936891], [55.4706549, -20.8937317], [55.471705, -20.8947375], [55.4729092, -20.8955504], [55.4731677, -20.8957356], [55.4749679, -20.8972264]]}"
En exploitation;Souterrain;63;Digue/Moufia;-20.9036788336,55.4778662067;"{""type"": ""LineString"", ""coordinates"": [[55.4769418, -20.9018401], [55.4769907, -20.9018871], [55.4770753, -20.9020036], [55.4770883, -20.9021139], [55.4770687, -20.902182], [55.4770044, -20.9022851], [55.4769369, -20.9023473], [55.4768836, -20.9023964], [55.476862, -20.9024403], [55.4768615, -20.9024932], [55.4769347, -20.9025633], [55.4770267, -20.9026357], [55.4771219, -20.9027271], [55.4772229, -20.9029482], [55.4774215, -20.90349], [55.4774843, -20.9035369], [55.4775476, -20.9035308], [55.4776018, -20.9035093], [55.4778491, -20.9031764], [55.4778871, -20.9031305], [55.4779814, -20.9030917], [55.4780516, -20.9030923], [55.4781334, -20.9031305], [55.4781793, -20.9032322], [55.4785666, -20.9050585], [55.4785823, -20.9051336], [55.4785742, -20.9052503], [55.4785394, -20.9054417], [55.4785171, -20.9055451], [55.4785016, -20.9056971], [55.4785135, -20.9059153]]}"
En exploitation;Souterrain;63;Le Port/Possession;-20.9552806676,55.3059220312;"{""type"": ""LineString"", ""coordinates"": [[55.3046285, -20.9558764], [55.3048011, -20.9559054], [55.3048456, -20.9558797], [55.3049055, -20.9558258], [55.3050106, -20.9556822], [55.305099, -20.9555763], [55.305347, -20.9552791], [55.3055391, -20.9550719], [55.3056689, -20.9549795], [55.3058132, -20.9549429], [55.3059081, -20.9549261], [55.3060492, -20.9549441], [55.3061788, -20.9549881], [55.3063093, -20.9550677], [55.3065057, -20.9551875], [55.3066306, -20.9552345], [55.3067113, -20.955252], [55.3068284, -20.9552602], [55.3069334, -20.9552541], [55.3070561, -20.9552305], [55.3073929, -20.9551378]]}"
En exploitation;Souterrain;63;Montvert/St Pierre2;-21.3390668414,55.5009556156;"{""type"": ""LineString"", ""coordinates"": [[55.4830312, -21.3329822], [55.4872741, -21.3347296], [55.4882742, -21.3350773], [55.4891895, -21.336217], [55.4911927, -21.3378566], [55.4923136, -21.3376236], [55.4926059, -21.3369012], [55.4932193, -21.3363688], [55.4934922, -21.3363786], [55.4937928, -21.3372743], [55.4939438, -21.3374669], [55.4944736, -21.337659], [55.4946977, -21.3377845], [55.4963747, -21.3393016], [55.4966872, -21.3395196], [55.4969628, -21.3396017], [55.4974144, -21.3395141], [55.4981708, -21.3391503], [55.499168, -21.33896], [55.4999837, -21.3390271], [55.5005437, -21.3391715], [55.5012788, -21.3392218], [55.5017103, -21.3398592], [55.5015577, -21.3402404], [55.5016838, -21.3403849], [55.5024119, -21.3407061], [55.5025669, -21.3405323], [55.5029253, -21.3399896], [55.5038174, -21.3396788], [55.5054953, -21.3398492], [55.5057032, -21.3398702], [55.5070725, -21.3403253], [55.5088482, -21.3409507], [55.5090941, -21.3410245], [55.5093407, -21.3410268], [55.5096821, -21.3408983], [55.5098476, -21.3409476], [55.5106093, -21.3417432], [55.5115012, -21.3417886], [55.5118938, -21.3417228], [55.5126143, -21.3411155], [55.5132872, -21.3410338], [55.5133885, -21.3410985], [55.5131626, -21.3417561], [55.5132107, -21.3418739], [55.513334, -21.3419255], [55.5140083, -21.3420642], [55.5143675, -21.3422785], [55.51457, -21.3424397], [55.5146219, -21.3427867], [55.5151109, -21.3434381], [55.5158142, -21.3435528], [55.5174598, -21.3430868], [55.5173665, -21.3422054], [55.5176279, -21.3420085], [55.5176828, -21.3416305]]}"
En exploitation;Souterrain;63;Le Port/Possession;-20.954515768,55.3078965636;"{""type"": ""LineString"", ""coordinates"": [[55.3046996, -20.9556256], [55.3055661, -20.9558164], [55.3058525, -20.9558763], [55.3062764, -20.9557262], [55.3103721, -20.9528927], [55.3110053, -20.9529833]]}"
En exploitation;Souterrain;63;Le Port/Possession;-20.9359199145,55.3292227546;"{""type"": ""LineString"", ""coordinates"": [[55.3288214, -20.9307499], [55.329439, -20.9308702], [55.3294426, -20.9322676], [55.3294139, -20.9332403], [55.3293819, -20.9337306], [55.3293252, -20.9340627], [55.3291432, -20.9345017], [55.3289225, -20.9352563], [55.3286513, -20.9357692], [55.328425, -20.9362162], [55.3284031, -20.9365985], [55.3288855, -20.9378007], [55.3290295, -20.9383759], [55.3293787, -20.9388201], [55.3297563, -20.93909], [55.33007219999999, -20.9393342], [55.32946539999999, -20.9405757], [55.3296163, -20.9411839]]}"
En exploitation;Souterrain;63;Le Port/Marquet1;-20.9445186321,55.3102406269;"{""type"": ""LineString"", ""coordinates"": [[55.3284335, -20.931486], [55.3284306, -20.9317439], [55.3285129, -20.9319331], [55.3286237, -20.9321877], [55.3287951, -20.9321937], [55.328909, -20.9323833], [55.3290278, -20.9330986], [55.3289809, -20.9335246], [55.3284688, -20.9349577], [55.3281271, -20.9353114], [55.3261352, -20.9359464], [55.3257599, -20.9361778], [55.3262787, -20.9366678], [55.3264873, -20.9370365], [55.3265363, -20.9376248], [55.3293619, -20.940104], [55.3286081, -20.9414256], [55.3280515, -20.9421145], [55.3273042, -20.942861], [55.3262382, -20.9437828], [55.3258555, -20.9440171], [55.323058, -20.9449417], [55.3223599, -20.9450539], [55.3179497, -20.9447923], [55.3178041, -20.9445925], [55.3176157, -20.9444517], [55.3173404, -20.9445085], [55.3171905, -20.9447054], [55.3136458, -20.944472], [55.3126977, -20.9442841], [55.3119619, -20.9439992], [55.3112487, -20.9435755], [55.3105557, -20.9431639], [55.3081133, -20.9407278], [55.307754, -20.9407639], [55.307374, -20.9407601], [55.3057173, -20.9435009], [55.3055173, -20.9443915], [55.3052794, -20.9448851], [55.3022485, -20.9496353], [55.3022653, -20.9500322], [55.3020725, -20.9502282], [55.3016714, -20.950243], [55.301461, -20.9501829], [55.2958429, -20.95217], [55.2950802, -20.9523805], [55.292472, -20.9514817], [55.292117, -20.9511409], [55.28748619999999, -20.9498448], [55.2879095, -20.9460406], [55.2877648, -20.9457614], [55.2861421, -20.9454872]]}"
En exploitation;Souterrain;63;Le Port/St Paul1;-20.9664865863,55.2941472231;"{""type"": ""LineString"", ""coordinates"": [[55.2994956, -20.98749], [55.2993116, -20.9875775], [55.2979062, -20.984972], [55.2968687, -20.9854656], [55.2941636, -20.9813324], [55.2973766, -20.9755299], [55.2963706, -20.9715713], [55.2961449, -20.9712834], [55.2954614, -20.9686046], [55.2947697, -20.9652473], [55.2943156, -20.963317], [55.2939937, -20.9619493], [55.2939392, -20.9615848], [55.2938204, -20.9607915], [55.2938071, -20.9600048], [55.2938544, -20.9592672], [55.2939149, -20.9583268], [55.2939608, -20.9576112], [55.2940425, -20.9563379], [55.2940432, -20.9554672], [55.2942797, -20.9536011], [55.2937468, -20.9526576], [55.2930986, -20.9523397], [55.2922846, -20.9515798], [55.2917468, -20.9513121], [55.2876059, -20.9500627], [55.2871708, -20.9499747], [55.2878071, -20.9462107], [55.2873047, -20.9461097]]}"
En exploitation;Souterrain;63;Marquet/Possession1;-20.9310000048,55.3283385365;"{""type"": ""LineString"", ""coordinates"": [[55.3285982, -20.9307946], [55.3284835, -20.930813], [55.32833, -20.9308706], [55.3282252, -20.9310008], [55.328249, -20.9311583], [55.3283415, -20.9313274]]}"
En exploitation;Souterrain;63;Digue/Possession2;-20.8893745748,55.3396311022;"{""type"": ""LineString"", ""coordinates"": [[55.338412, -20.9000658], [55.3392869, -20.8858853], [55.3429228, -20.8792851]]}"
En exploitation;Souterrain;63;Digue/Possession2;-20.86630455,55.36127375;"{""type"": ""LineString"", ""coordinates"": [[55.3574601, -20.868064], [55.3650874, -20.8645451]]}"
En exploitation;Souterrain;63;Digue/Possession2;-20.8578410344,55.3796703243;"{""type"": ""LineString"", ""coordinates"": [[55.3763714, -20.8593384], [55.3821064, -20.8566917], [55.3830435, -20.8566472]]}"
En exploitation;Souterrain;63;Digue/Possession2;-20.8562205,55.38704245;"{""type"": ""LineString"", ""coordinates"": [[55.3830435, -20.8566472], [55.3910414, -20.8557938]]}"
En exploitation;Souterrain;63;Digue/Possession2;-20.8555764387,55.3945808012;"{""type"": ""LineString"", ""coordinates"": [[55.3910414, -20.8557938], [55.3916032, -20.8557112], [55.3962866, -20.8553984], [55.3981018, -20.8557562]]}"
En exploitation;Souterrain;63;Digue/Possession2;-20.85640585,55.40139865;"{""type"": ""LineString"", ""coordinates"": [[55.3981018, -20.8557562], [55.4046955, -20.8570555]]}"
En exploitation;Souterrain;63;Digue/Possession2;-20.85920405,55.41560225;"{""type"": ""LineString"", ""coordinates"": [[55.4116142, -20.8584185], [55.4195903, -20.8599896]]}"
En exploitation;Souterrain;63;Digue/Possession2;-20.9281467475,55.3316875611;"{""type"": ""LineString"", ""coordinates"": [[55.3352654, -20.9259217], [55.3352611, -20.9261766], [55.3349007, -20.9262928], [55.3344669, -20.9263753], [55.3341541, -20.9262855], [55.3340191, -20.9263189], [55.3338833, -20.9264267], [55.3337784, -20.9266042], [55.3334522, -20.9269926], [55.3326487, -20.9275898], [55.3325087, -20.9276205], [55.3320022, -20.9281523], [55.331464, -20.9287131], [55.3313218, -20.9288036], [55.3310941, -20.928781], [55.3309636, -20.9288102], [55.3308896, -20.9288758], [55.3307114, -20.9289457], [55.3307069, -20.9289308], [55.3306514, -20.9287355], [55.3306291, -20.9287081], [55.3305926, -20.9287036], [55.330243, -20.9287911], [55.3300141, -20.9288485], [55.32982, -20.9288569], [55.3295902, -20.9289026], [55.3294273, -20.9289726], [55.3293083, -20.9290737], [55.3292021, -20.9291795], [55.3291268, -20.9293001], [55.3290692, -20.9294402], [55.3290505, -20.9296351], [55.3290221, -20.92993], [55.3288473, -20.930067], [55.3288343, -20.9300831], [55.32883, -20.930103], [55.328843, -20.9305225], [55.3285757, -20.9306974]]}"
En exploitation;Souterrain;63;La Vallee/St Pierre;-21.3212443895,55.4609880155;"{""type"": ""LineString"", ""coordinates"": [[55.450906, -21.3137492], [55.4512113, -21.313355], [55.4514404, -21.3134723], [55.451482, -21.3134852], [55.4515353, -21.3134935], [55.4515906, -21.3134862], [55.4516323, -21.3134693], [55.4517833, -21.3132346], [55.4529924, -21.3139541], [55.4530604, -21.3139982], [55.4531342, -21.3140287], [55.4532295, -21.3140419], [55.4533909, -21.3140384], [55.453502, -21.3140419], [55.4536107, -21.314033], [55.4536742, -21.3140336], [55.4537216, -21.3140588], [55.453945, -21.3141973], [55.4540762, -21.3143026], [55.4542598, -21.314473], [55.4543514, -21.314573], [55.4544221, -21.3146307], [55.4545091, -21.3146761], [55.4546668, -21.3147768], [55.454756, -21.3148446], [55.4547843, -21.3148525], [55.4548271, -21.3148163], [55.4555952, -21.314318], [55.4561635, -21.3139342], [55.4565958, -21.3136389], [55.4566531, -21.3135929], [55.4567027, -21.3135934], [55.4567418, -21.3135937], [55.4567875, -21.3136174], [55.457129, -21.3138766], [55.4577151, -21.3141612], [55.4578308, -21.3142919], [55.4578538, -21.314465], [55.4578943, -21.3153398], [55.4578981, -21.3167034], [55.4576834, -21.317941], [55.457707, -21.319258], [55.4578034, -21.3200362], [55.457959, -21.3216134], [55.4580907, -21.3240308], [55.4581348, -21.3240775], [55.4584718, -21.3242584], [55.4587967, -21.3244239], [55.4589772, -21.3245162], [55.4590935, -21.3245891], [55.4592132, -21.3247112], [55.4593484, -21.3249089], [55.459444, -21.3250232], [55.4595403, -21.325077], [55.459661, -21.325097], [55.4605463, -21.3249199], [55.4606113, -21.3248751], [55.4606937, -21.3247095], [55.4610553, -21.3244558], [55.4612211, -21.3244271], [55.4613377, -21.3244547], [55.4615789, -21.3245401], [55.464361, -21.3254462], [55.4680685, -21.3265798], [55.4682209, -21.3266682], [55.4690567, -21.3269744], [55.4691047, -21.327024], [55.4700335, -21.3273121], [55.4701018, -21.327343], [55.4702578, -21.3274653], [55.4705759, -21.3275325], [55.4712332, -21.3275385], [55.4715765, -21.3275039], [55.4717131, -21.3275655], [55.4718226, -21.3275098], [55.4718443, -21.3273626], [55.4720357, -21.3271905], [55.472326, -21.3268114], [55.472438, -21.3265062], [55.4724626, -21.3264724], [55.4725274, -21.326439], [55.4726986, -21.3262781], [55.4727472, -21.3262596], [55.4728678, -21.326306], [55.473314, -21.3268317], [55.4734143, -21.3268995]]}"
En exploitation;Souterrain;63;Digue/Moufia;-20.9112217192,55.4783837614;"{""type"": ""LineString"", ""coordinates"": [[55.4788026, -20.9085772], [55.4785081, -20.910347], [55.4785117, -20.9103572], [55.47854, -20.9103911], [55.4785646, -20.9104555], [55.4785637, -20.9105434], [55.478561, -20.9108], [55.4785385, -20.9109043], [55.478502, -20.9109579], [55.4784007, -20.9110279], [55.4783135, -20.9111083], [55.4782696, -20.9112024], [55.4781955, -20.9117823], [55.4782023, -20.9118262], [55.4782306, -20.911867], [55.4782549, -20.911955], [55.4782761, -20.9119856], [55.47824459999999, -20.9122554], [55.4782943, -20.9123098], [55.4783009, -20.9123639], [55.4783076, -20.9124248], [55.4783072, -20.9124518], [55.4782414, -20.9125694], [55.4781798, -20.9126194], [55.4781433, -20.9126832], [55.4780914, -20.9131858], [55.4779708, -20.9138416]]}"
En exploitation;Souterrain;63;Digue/Moufia;-20.9161133277,55.4780189963;"{""type"": ""LineString"", ""coordinates"": [[55.4779699, -20.9138464], [55.47791, -20.9140889], [55.4779377, -20.9141803], [55.4779874, -20.9142517], [55.4781299, -20.9143542], [55.4783018, -20.9144199], [55.4784233, -20.9144851], [55.4784979, -20.9145735], [55.4785114, -20.9146547], [55.4784921, -20.9147929], [55.4783159, -20.9155104], [55.4782714, -20.9156552], [55.478248, -20.9158272], [55.4782855, -20.9160334], [55.4783159, -20.9162295], [55.4782927, -20.9163981], [55.4782441, -20.91659], [55.4781559, -20.916775], [55.4780596, -20.9170712], [55.477967, -20.9173303], [55.4779082, -20.9174682], [55.4777649, -20.9176003], [55.4772679, -20.9178845], [55.4771124, -20.9179979], [55.4768944, -20.9178677], [55.4769061, -20.9177799]]}"
En exploitation;Souterrain;63;La Vallee/St Pierre;-21.3305343752,55.4762779553;"{""type"": ""LineString"", ""coordinates"": [[55.4734143, -21.3268995], [55.4737712, -21.3273225], [55.473179, -21.3281375], [55.4728525, -21.3290887], [55.4728655, -21.3291381], [55.4729081, -21.3291706], [55.4739439, -21.3294999], [55.4739694, -21.3295162], [55.4739667, -21.3295665], [55.4737261, -21.330202], [55.4737194, -21.3302341], [55.4737383, -21.3302644], [55.4787247, -21.3318487], [55.4787958, -21.3318221], [55.4788669, -21.3317876], [55.4789461, -21.3317766], [55.4790622, -21.331805], [55.4791365, -21.3318563], [55.4791984, -21.3319114], [55.479285, -21.3319941], [55.4793424, -21.3320609], [55.4794045, -21.3321004], [55.4813874, -21.3326719], [55.4814664, -21.3326765], [55.4815665, -21.332658], [55.4818502, -21.3325825]]}"
En exploitation;Souterrain;63;La Vallee/TAC SUD1;-21.3162189507,55.4527447808;"{""type"": ""LineString"", ""coordinates"": [[55.4503109, -21.3181809], [55.4501741, -21.3183023], [55.4515151, -21.3191864], [55.4516732, -21.318976], [55.4518114, -21.3189268], [55.4528927, -21.3193822], [55.453027, -21.3193019], [55.4537488, -21.3176455], [55.4541082, -21.3169632], [55.4543793, -21.3165172], [55.4543671, -21.3163943], [55.4538643, -21.3160935], [55.4538834, -21.3160006], [55.4545476, -21.3150969], [55.4547258, -21.3149081], [55.4510855, -21.3127841], [55.4506027, -21.3135113], [55.450872, -21.3136647], [55.4508364, -21.3137168]]}"
En exploitation;Souterrain;63;Le Port/Possession;-20.9520141432,55.2944146472;"{""type"": ""LineString"", ""coordinates"": [[55.2873834, -20.9459342], [55.2877034, -20.9459809], [55.2878581, -20.9461342], [55.2873514, -20.9499092], [55.2920639, -20.951255], [55.292371, -20.9515097], [55.2953115, -20.9524963], [55.2955309, -20.952607], [55.2959442, -20.9527493], [55.2964766, -20.9530408], [55.2967828, -20.9533645], [55.2969992, -20.9537515], [55.29704, -20.9538407], [55.2975422, -20.9542288], [55.2983351, -20.9546554], [55.2993291, -20.9549298], [55.3000671, -20.9550143], [55.3008071, -20.9549336], [55.3012999, -20.9549164], [55.3023421, -20.955092], [55.3036876, -20.955403], [55.3046996, -20.9556256]]}"
En exploitation;Souterrain;63;Montvert/St Pierre2;-21.3326979264,55.4819916609;"{""type"": ""LineString"", ""coordinates"": [[55.4819494, -21.3326118], [55.4820032, -21.3326611], [55.4819963, -21.3327995]]}"
En exploitation;Souterrain;63;Le Port/St Paul2;-20.9666473476,55.2940789007;"{""type"": ""LineString"", ""coordinates"": [[55.2995392, -20.9875705], [55.2992693, -20.987699], [55.2978639, -20.9850934], [55.2968332, -20.9855838], [55.2940531, -20.9813361], [55.2972748, -20.975518], [55.2962815, -20.9716102], [55.2960558, -20.9713223], [55.2953673, -20.9686238], [55.2946756, -20.9652656], [55.2942216, -20.9633365], [55.293899, -20.9619653], [55.293844, -20.9615974], [55.2937243, -20.9607985], [55.2937108, -20.9600028], [55.2937585, -20.9592618], [55.2938188, -20.9583214], [55.2938648, -20.9576057], [55.2939464, -20.9563351], [55.2939471, -20.9554619], [55.2941807, -20.9536185], [55.2936758, -20.9527248], [55.2930412, -20.9524134], [55.2922268, -20.9516533], [55.2917092, -20.9513957], [55.287581, -20.9501501], [55.2870616, -20.950045], [55.2876979, -20.946281], [55.2872846, -20.9461981]]}"
En exploitation;Souterrain;63;Marquet/Possession2;-20.9310373822,55.3284956895;"{""type"": ""LineString"", ""coordinates"": [[55.3286531, -20.9308523], [55.3285107, -20.9308995], [55.3284581, -20.9309674], [55.328443, -20.9311315], [55.3284968, -20.9312985]]}"
En exploitation;Souterrain;63;Digue/Possession2;-20.8740574897,55.346938139;"{""type"": ""LineString"", ""coordinates"": [[55.3429228, -20.8792851], [55.3462569, -20.8732316], [55.3524097, -20.8703938]]}"
En exploitation;Souterrain;63;Digue/Possession2;-20.857737,55.40815485;"{""type"": ""LineString"", ""coordinates"": [[55.4046955, -20.8570555], [55.4116142, -20.8584185]]}"
En exploitation;Souterrain;63;Digue/Possession2;-20.8673897,55.43865615;"{""type"": ""LineString"", ""coordinates"": [[55.4367899, -20.864928], [55.4405224, -20.8698514]]}"
En exploitation;Souterrain;63;Digue/Possession2;-20.8815614891,55.4437645088;"{""type"": ""LineString"", ""coordinates"": [[55.4426449, -20.8757306], [55.4439492, -20.8762408], [55.4442381, -20.8768999], [55.4449275, -20.8785818], [55.4450116, -20.8787872], [55.4439098, -20.8796652], [55.4439877, -20.8800752], [55.4442323, -20.8806565], [55.4444757, -20.8809637], [55.4445391, -20.8815936], [55.4445337, -20.8817248], [55.44443, -20.8822181], [55.444034, -20.8835659], [55.4438345, -20.8841741], [55.4437966, -20.8842703], [55.4419226, -20.8871258], [55.4423884, -20.8873655], [55.4429338, -20.8874758]]}"
En exploitation;Souterrain;63;Digue/Moufia;-20.8884650739,55.4441063663;"{""type"": ""LineString"", ""coordinates"": [[55.4428847, -20.8875462], [55.44274269999999, -20.8877844], [55.4439964, -20.8881198], [55.4441537, -20.8883306], [55.4442797, -20.8883957], [55.4443441, -20.8885153], [55.4444692, -20.8886553], [55.444675, -20.8887299], [55.4447344, -20.8888825], [55.4446546, -20.8891022], [55.4455103, -20.8894038]]}"
En exploitation;Souterrain;63;Digue/Moufia;-20.8906117073,55.4644184916;"{""type"": ""LineString"", ""coordinates"": [[55.4608645, -20.8900921], [55.4611657, -20.890034], [55.4612218, -20.8900455], [55.4613622, -20.8900711], [55.4630549, -20.890126], [55.4638345, -20.8900471], [55.4644438, -20.89009], [55.464523, -20.8901326], [55.4653703, -20.8905502], [55.4657288, -20.8908024], [55.4665104, -20.891431], [55.4674536, -20.8920919], [55.467484, -20.8921031], [55.4675404, -20.8921037], [55.4676505, -20.8921762]]}"
En exploitation;Souterrain;63;Digue/Moufia;-20.8995914034,55.4757946376;"{""type"": ""LineString"", ""coordinates"": [[55.4749702, -20.8972284], [55.4751005, -20.8973288], [55.475132, -20.8973588], [55.4751317, -20.8973996], [55.4751461, -20.8974703], [55.4751783, -20.897541], [55.475255, -20.8976145], [55.4753038, -20.8976479], [55.4753237, -20.8977561], [55.4751342, -20.8986405], [55.4751239, -20.8987285], [55.4751137, -20.8988188], [55.4751032, -20.8989202], [55.4751158, -20.8990745], [55.4751657, -20.8992491], [55.475242, -20.8993468], [55.4753025, -20.8993958], [55.475431, -20.8994454], [55.4754944, -20.8994482], [55.4755484, -20.8994486], [55.4756346, -20.8994957], [55.4764743, -20.9006559], [55.4765969, -20.9010538], [55.476637, -20.9012723], [55.4766223, -20.9013339], [55.4765675, -20.901415], [55.4765197, -20.9015049], [55.4765357, -20.9015469], [55.4765564, -20.9015846], [55.4768921, -20.9017838], [55.4769385, -20.9018371]]}"
En exploitation;Souterrain;63;Digue/Moufia;-20.9071315366,55.4791377399;"{""type"": ""LineString"", ""coordinates"": [[55.4785135, -20.9059154], [55.4785083, -20.9059661], [55.4785331, -20.90605], [55.4785893, -20.906077], [55.4786527, -20.9060775], [55.47881, -20.9060459], [55.4789509, -20.9060251], [55.4790539, -20.9060525], [55.4791473, -20.906093], [55.4792755, -20.9061823], [55.4793894, -20.9062913], [55.4794799, -20.9063692], [55.4795019, -20.9065149], [55.4794997, -20.9067331], [55.479456, -20.9068826], [55.4793754, -20.9069766], [55.4791176, -20.9071815], [55.479044, -20.9072756], [55.4790143, -20.9074274], [55.4790321, -20.9075202], [55.4792945, -20.9080184], [55.479339, -20.9080825], [55.4793611, -20.9081303], [55.47931, -20.9081669], [55.4792416, -20.9082404], [55.4792069, -20.9083354], [55.4788966, -20.9083909], [55.4788476, -20.9084054], [55.4788147, -20.9084558], [55.4788031, -20.9085722]]}"
En exploitation;Souterrain;63;Riviere de l'Est/Ste Rose;-21.126816403,55.7873172855;"{""type"": ""LineString"", ""coordinates"": [[55.7873867, -21.1264106], [55.7873032, -21.1265473], [55.7872447, -21.1270554], [55.7875186, -21.1270257]]}"
En exploitation;Souterrain;63;La Vallee/TAC SUD2;-21.3162069966,55.4527538006;"{""type"": ""LineString"", ""coordinates"": [[55.4503374, -21.3182071], [55.4502348, -21.3182982], [55.4515058, -21.3191361], [55.4516417, -21.3189552], [55.4516496, -21.3189475], [55.4516595, -21.3189422], [55.4517977, -21.318893], [55.4518076, -21.3188909], [55.4518175, -21.3188911], [55.4518273, -21.3188938], [55.4528894, -21.3193412], [55.4529958, -21.3192777], [55.4537137, -21.3176307], [55.454074, -21.3169463], [55.4543397, -21.3165092], [55.4543303, -21.3164153], [55.4538436, -21.316124], [55.453835, -21.3161169], [55.4538289, -21.3161078], [55.453826, -21.3160974], [55.4538265, -21.3160867], [55.453847, -21.3159864], [55.4545172, -21.3150746], [55.4546731, -21.3149065], [55.4511098, -21.3128218], [55.4506636, -21.3134954], [55.4509246, -21.3136472], [55.4508743, -21.3137211]]}"
En exploitation;Souterrain;63;Montvert/St Pierre2;-21.3330477549,55.4824846236;"{""type"": ""LineString"", ""coordinates"": [[55.4830312, -21.3329822], [55.4827919, -21.3331997], [55.4819873, -21.3329147], [55.4819963, -21.3327995]]}"
En exploitation;Souterrain;63;Le Port/Possession;-20.9470924732,55.3203961231;"{""type"": ""LineString"", ""coordinates"": [[55.3296163, -20.9411839], [55.3290428, -20.9418902], [55.3271294, -20.9438886], [55.323981, -20.9452479], [55.3218125, -20.9461136], [55.3194121, -20.9470976], [55.3172911, -20.9484524], [55.3155658, -20.9497315], [55.3134181, -20.951262], [55.3110053, -20.9529833]]}"
