Statut;Type;Tension (kV);Nom de la ligne;Coordonn√©es g√©opraphiques;Geo Shape
En exploitation;AÈrien;63;Abondance/St Andre;-21.0286270155,55.6669445916;"{""type"": ""LineString"", ""coordinates"": [[55.6671105, -21.035325], [55.667126, -21.0311412], [55.6668907, -21.0269602], [55.6666038, -21.0219337]]}"
En exploitation;AÈrien;63;Abondance/St Andre;-21.0039469587,55.6500092683;"{""type"": ""LineString"", ""coordinates"": [[55.6666038, -21.0219337], [55.6662413, -21.0190541], [55.6660199, -21.0171612], [55.6642841, -21.0156889], [55.6620982, -21.0138457], [55.6594778, -21.011652], [55.6568667, -21.0094649], [55.6550573, -21.0079326], [55.65157, -21.0050005], [55.6484438, -21.0023718], [55.6467923, -21.0009887], [55.6450186, -20.9994935], [55.6421659, -20.99708], [55.6397483, -20.9950491], [55.6377615, -20.993382], [55.6348817, -20.9909542], [55.6335414, -20.9901467], [55.630181, -20.9880773]]}"
En exploitation;AÈrien;63;Abondance/St Andre;-20.9794424796,55.616052622;"{""type"": ""LineString"", ""coordinates"": [[55.6241117, -20.9843635], [55.6211504, -20.9825604], [55.6198331, -20.9817583], [55.6170966, -20.9800886], [55.6141414, -20.9782744], [55.6108265, -20.9762392], [55.6079967, -20.9745163]]}"
En exploitation;AÈrien;63;Abondance/Moufia;-20.9705615695,55.5923028167;"{""type"": ""LineString"", ""coordinates"": [[55.503727, -20.9375824], [55.5057162, -20.9385682], [55.5086819, -20.9387287], [55.5115833, -20.9388817], [55.5166069, -20.9391752], [55.5201203, -20.9393489], [55.5226418, -20.9394964], [55.526557, -20.9396938], [55.5286707, -20.9397985], [55.5316862, -20.9399646], [55.5352821, -20.9401573], [55.5382721, -20.9403212], [55.5413951, -20.9405047], [55.5437367, -20.9406087], [55.5475637, -20.9408286], [55.5498184, -20.940946], [55.5517579, -20.9410651], [55.5534513, -20.942086], [55.5556419, -20.943438], [55.5572572, -20.9444335], [55.5586803, -20.9453086], [55.5606522, -20.9465086], [55.5625849, -20.947687], [55.5645578, -20.9489188], [55.5670868, -20.9504792], [55.5687257, -20.9514874], [55.5706015, -20.9526466], [55.5724978, -20.9538052], [55.5748573, -20.9552687], [55.5768954, -20.9565089], [55.5782665, -20.9573543], [55.5809569, -20.959006], [55.5829771, -20.9602449], [55.5850537, -20.9615106], [55.5871325, -20.9627858], [55.5889943, -20.9639174], [55.5905165, -20.964843], [55.5930931, -20.9664226], [55.5949334, -20.967552], [55.5982384, -20.9695612], [55.6013201, -20.9714765], [55.6038756, -20.9730224], [55.6058574, -20.9742214], [55.6078347, -20.9754392], [55.6099308, -20.9767406], [55.6121115, -20.9780798], [55.6144488, -20.9794815], [55.6167812, -20.9809153], [55.6196704, -20.9826604], [55.6214794, -20.9838069], [55.6238794, -20.9852335], [55.6293866, -20.9886229], [55.6327627, -20.990681], [55.634297, -20.9916217], [55.6350062, -20.9922001], [55.6373326, -20.9941573], [55.639606, -20.9960857], [55.6415224, -20.9976923], [55.6439782, -20.9997711], [55.645933, -21.0013939], [55.6475364, -21.0027601], [55.6500082, -21.004834], [55.6514125, -21.0060232], [55.6544297, -21.008562], [55.6561501, -21.0100038], [55.6588183, -21.0122711], [55.6611818, -21.0142414], [55.6640806, -21.0166726], [55.6654441, -21.0178311], [55.665684, -21.0214649], [55.6658066, -21.0236609], [55.6660265, -21.0275195]]}"
En exploitation;AÈrien;63;Abondance/Moufia;-20.9260171719,55.4867999444;"{""type"": ""LineString"", ""coordinates"": [[55.4969671, -20.9341966], [55.4953403, -20.9328592], [55.4935345, -20.9314144], [55.4907051, -20.9291603], [55.4894912, -20.9281821], [55.4871758, -20.9263178], [55.4844726, -20.9241275], [55.4831932, -20.923125], [55.4805346, -20.9209986], [55.4791405, -20.9198813], [55.4778941, -20.9188885], [55.4768321, -20.918023], [55.4767805, -20.9177558]]}"
En exploitation;AÈrien;63;Langevin/St Pierre;-21.3435021764,55.5498839127;"{""type"": ""LineString"", ""coordinates"": [[55.6175223, -21.354148], [55.6158094, -21.3538919], [55.6144416, -21.3536739], [55.6124191, -21.3533563], [55.611297, -21.3531966], [55.6096698, -21.3529413], [55.6075537, -21.3525913], [55.6060347, -21.3523541], [55.604452, -21.352101], [55.6032424, -21.3518953], [55.6011711, -21.3515837], [55.5996314, -21.3513396], [55.5976008, -21.3510135], [55.595617, -21.3507053], [55.5937087, -21.3503929], [55.5911023, -21.3500006], [55.5880126, -21.349508], [55.5869452, -21.3493417], [55.5852663, -21.3490801], [55.5835624, -21.3487999], [55.5801118, -21.3482654], [55.5782807, -21.3479585], [55.576688, -21.3477148], [55.5747862, -21.3474155], [55.572818, -21.3470988], [55.5708064, -21.3467981], [55.5677953, -21.3463008], [55.5653423, -21.3459072], [55.5632111, -21.3455793], [55.5615581, -21.345319], [55.5602814, -21.3451219], [55.5589166, -21.344908], [55.557387, -21.344661], [55.5552599, -21.3443187], [55.5532785, -21.3440123], [55.5519586, -21.3438007], [55.5507221, -21.3436005], [55.5492681, -21.3433814], [55.5477246, -21.3431232], [55.5465294, -21.3429402], [55.5449449, -21.3426902], [55.543837, -21.3425182], [55.5429182, -21.3423737], [55.5410747, -21.3420773], [55.5398219, -21.3418709], [55.537695, -21.3415375], [55.5356776, -21.3412228], [55.5342808, -21.3409995], [55.5334223, -21.3408655], [55.5322563, -21.3406873], [55.5308408, -21.3404679], [55.5294431, -21.3402472], [55.5284414, -21.3400962], [55.5269413, -21.3398681], [55.5256021, -21.339664], [55.523639, -21.3393461], [55.521671, -21.3390453], [55.5202975, -21.3388578], [55.5188517, -21.3386044], [55.5172805, -21.3383706], [55.5158783, -21.3381652], [55.5133639, -21.3377683], [55.511851, -21.3375318], [55.5102868, -21.3372861], [55.5091042, -21.3371125], [55.507613, -21.3368732], [55.5060559, -21.3366422], [55.5043777, -21.3363785], [55.5029134, -21.33615], [55.5007277, -21.3358079], [55.4986276, -21.3354809], [55.4967765, -21.3351901], [55.4956079, -21.3350243], [55.4936717, -21.334718], [55.4918837, -21.334442], [55.4896688, -21.3340969], [55.4884569, -21.3339019], [55.48712, -21.3337048], [55.4855927, -21.3334821], [55.483623, -21.3329876], [55.4822847, -21.3326804]]}"
En exploitation;AÈrien;63;Langevin/St Pierre;-21.33272675,55.4821748;"{""type"": ""LineString"", ""coordinates"": [[55.4822847, -21.3326804], [55.4820649, -21.3327731]]}"
En exploitation;AÈrien;63;Digue/Moufia;-20.9109069536,55.466553774;"{""type"": ""LineString"", ""coordinates"": [[55.4575135, -20.9025391], [55.4586163, -20.9039997], [55.4613228, -20.9072983], [55.4629934, -20.9088197], [55.4643578, -20.9103055], [55.4661632, -20.9113444], [55.470919, -20.914111], [55.4730437, -20.9153606], [55.474661, -20.9166246], [55.476144, -20.9175934], [55.4768271, -20.9178018]]}"
En exploitation;AÈrien;63;Le Gol/St Leu;-21.2002394969,55.30226244;"{""type"": ""LineString"", ""coordinates"": [[55.3020736, -21.1999112], [55.3023301, -21.2004331], [55.3025363, -21.2004255]]}"
En exploitation;AÈrien;63;Moufia/Possession;-20.9164652373,55.4739618781;"{""type"": ""LineString"", ""coordinates"": [[55.4766313, -20.9178206], [55.4760702, -20.9177053], [55.4745832, -20.916763], [55.4734318, -20.916023], [55.4712287, -20.9152066]]}"
En exploitation;AÈrien;63;Le Bras de la Plaine/Le Gol;-21.2821636275,55.4568481429;"{""type"": ""LineString"", ""coordinates"": [[55.4626037, -21.2832682], [55.4576962, -21.2823366], [55.452587, -21.2813383], [55.4510993, -21.2810252]]}"
En exploitation;AÈrien;63;Le Bras de la Plaine/Le Gol;-21.2701785939,55.4250384025;"{""type"": ""LineString"", ""coordinates"": [[55.4510993, -21.2810252], [55.4487619, -21.2801922], [55.4465558, -21.2794209], [55.4445675, -21.2786987], [55.4418801, -21.2775171], [55.4393626, -21.2764105], [55.4370039, -21.2753725], [55.4344846, -21.274266], [55.4321363, -21.2732165], [55.4276497, -21.2712692], [55.4244518, -21.2698553], [55.4226685, -21.2690645], [55.4198173, -21.2678072], [55.4179093, -21.26697], [55.4160737, -21.2661804], [55.4125419, -21.2647479], [55.4092027, -21.263402], [55.4069995, -21.2625193], [55.4052258, -21.2617831], [55.4030055, -21.2608979], [55.40101, -21.2600739], [55.3989953, -21.2592657]]}"
En exploitation;AÈrien;63;Takamaka/Tampon;-21.1202376365,55.6353142751;"{""type"": ""LineString"", ""coordinates"": [[55.6457227, -21.0945858], [55.6478275, -21.0943841], [55.650343, -21.0954342], [55.6530793, -21.0965829], [55.6556459, -21.0976586], [55.6583011, -21.0987722], [55.6609892, -21.0999306], [55.6637692, -21.1010883], [55.6653308, -21.104665], [55.6646301, -21.1064212], [55.6629113, -21.1071039], [55.6600846, -21.1081811], [55.6573565, -21.1092476], [55.6545964, -21.1102993], [55.6523604, -21.111154], [55.6503629, -21.1129452], [55.648177, -21.1147996], [55.6457456, -21.1168831], [55.6432285, -21.1190333], [55.6412958, -21.1206725], [55.6392265, -21.1224555], [55.63669929999999, -21.1246002], [55.634614, -21.1251402], [55.6314341, -21.1259573], [55.6279913, -21.1268323], [55.6257422, -21.1274114], [55.622646, -21.1282045], [55.6199645, -21.1288887], [55.6172278, -21.1295962], [55.6153794, -21.1313908], [55.6136267, -21.1330586], [55.6118786, -21.1347435], [55.6102148, -21.1363411], [55.6085281, -21.1379723], [55.606543, -21.1398881], [55.6042932, -21.14204], [55.6020409, -21.1442081], [55.5992447, -21.146881], [55.5976768, -21.1484087], [55.5954487, -21.1505747]]}"
En exploitation;AÈrien;63;Takamaka/Tampon;-21.15354475,55.59233965;"{""type"": ""LineString"", ""coordinates"": [[55.5954487, -21.1505747], [55.5892306, -21.1565148]]}"
En exploitation;AÈrien;63;Moufia/St Andre;-20.9446282716,55.5425584042;"{""type"": ""LineString"", ""coordinates"": [[55.4768428, -20.9177], [55.4769716, -20.9177287], [55.4784115, -20.9188231], [55.4799618, -20.9200513], [55.4816898, -20.9213974], [55.483416, -20.9228123], [55.4847093, -20.9238507], [55.487776, -20.9262947], [55.4894203, -20.9275901], [55.4910307, -20.9289153], [55.4939033, -20.9312249], [55.4972524, -20.9333123], [55.4985349, -20.9340104], [55.5034673, -20.9365815], [55.5057956, -20.9377448], [55.5086797, -20.9379011], [55.511836, -20.9380744], [55.5172929, -20.9383645], [55.5204177, -20.9385137], [55.5225703, -20.9386535], [55.525622, -20.9388112], [55.528616, -20.9389886], [55.5324251, -20.9391598], [55.5363553, -20.9393959], [55.5391548, -20.939534], [55.5426126, -20.9397279], [55.5462137, -20.9399205], [55.5491754, -20.9400699], [55.5519298, -20.9402219], [55.5537632, -20.9413137], [55.5572029, -20.9434077], [55.5603059, -20.9453308], [55.5631646, -20.9470678], [55.565026, -20.948215], [55.5678738, -20.9499475], [55.5701107, -20.9513198], [55.5725842, -20.9528324], [55.5752884, -20.9545187], [55.5780451, -20.9561966], [55.5811871, -20.9581247], [55.5843861, -20.9601022], [55.5872449, -20.9618573], [55.5890558, -20.9629398], [55.5917486, -20.9645942], [55.5943459, -20.9661838], [55.5972309, -20.9679446], [55.5996137, -20.9693966], [55.6028105, -20.9713873], [55.6052854, -20.9728747], [55.6079938, -20.9745184]]}"
En exploitation;AÈrien;63;Moufia/St Andre;-20.9690298604,55.6150968941;"{""type"": ""LineString"", ""coordinates"": [[55.6221371, -20.9633332], [55.6221163, -20.9633538], [55.6210678, -20.9641863], [55.6185965, -20.966188], [55.6161892, -20.9681481], [55.6141896, -20.9697614], [55.6119554, -20.9715809], [55.6094875, -20.9735958], [55.6082759, -20.9745522], [55.6079967, -20.9745163]]}"
En exploitation;AÈrien;63;Dattiers1/Moufia1;-20.9010843185,55.4590590897;"{""type"": ""LineString"", ""coordinates"": [[55.4605898, -20.899624], [55.4604289, -20.8997681], [55.4594407, -20.9007434], [55.4575135, -20.9025292]]}"
En exploitation;AÈrien;63;Dattiers1/Moufia1;-20.9177536387,55.4760673074;"{""type"": ""LineString"", ""coordinates"": [[55.475953, -20.917679], [55.4760342, -20.917732], [55.4761816, -20.9178283]]}"
En exploitation;AÈrien;63;Dattiers1/Moufia1;-20.9105317871,55.4663518972;"{""type"": ""LineString"", ""coordinates"": [[55.4575135, -20.9025292], [55.4577955, -20.9025915], [55.4587709, -20.9038825], [55.4614661, -20.9071678], [55.4631334, -20.9086859], [55.4644838, -20.9101565], [55.4662638, -20.9111809], [55.4710203, -20.9139476], [55.4731567, -20.9152042], [55.4747776, -20.9164711], [55.4762228, -20.9174152]]}"
En exploitation;AÈrien;63;Le Bras de la Plaine/Le Gol2;-21.2640259985,55.4524611253;"{""type"": ""LineString"", ""coordinates"": [[55.4628526, -21.2827403], [55.4606564, -21.2804049], [55.4588188, -21.2784324], [55.4584642, -21.2721083], [55.4551486, -21.2663763], [55.4535178, -21.263089], [55.4521993, -21.2604295], [55.4508056, -21.2575819], [55.449097, -21.2556757], [55.4472, -21.2535197], [55.4459899, -21.2519943], [55.443278, -21.251047], [55.4398112, -21.2498487], [55.4378373, -21.2507483]]}"
En exploitation;AÈrien;63;Dattiers2/Moufia2;-20.9110169909,55.4704790688;"{""type"": ""LineString"", ""coordinates"": [[55.4678167, -20.9069472], [55.4705089, -20.9110786], [55.4721685, -20.9135947], [55.4731681, -20.9150691]]}"
En exploitation;AÈrien;63;St Leu/Saline;-21.2002378816,55.3023742243;"{""type"": ""LineString"", ""coordinates"": [[55.3020797, -21.1999148], [55.302536, -21.2004641], [55.3027045, -21.2003707]]}"
En exploitation;AÈrien;63;Digue/Possession1;-20.9009049218,55.4502619163;"{""type"": ""LineString"", ""coordinates"": [[55.450705, -20.8966329], [55.4508779, -20.896729], [55.4504159, -20.8985126], [55.4503851, -20.8985772], [55.4501889, -20.9011206], [55.4500663, -20.9033397], [55.4499059, -20.9050945], [55.4497097, -20.9052102]]}"
En exploitation;AÈrien;63;Digue/Possession1;-20.90443775,55.43589015;"{""type"": ""LineString"", ""coordinates"": [[55.4412901, -20.904936], [55.4304902, -20.9039395]]}"
En exploitation;AÈrien;63;Digue/Possession1;-20.911284312,55.4101759963;"{""type"": ""LineString"", ""coordinates"": [[55.4304902, -20.9039395], [55.4275663, -20.904797], [55.4258455, -20.9052901], [55.42238, -20.9062282], [55.4188392, -20.9076648], [55.4148495, -20.9092718], [55.41077, -20.9109424], [55.4080003, -20.9120846], [55.4029634, -20.914095], [55.3977693, -20.9162264], [55.3938428, -20.9178086], [55.3925525, -20.9183461], [55.3901045, -20.9193353]]}"
En exploitation;AÈrien;63;Abondance/St Pierre;-21.3324421,55.48324535;"{""type"": ""LineString"", ""coordinates"": [[55.4821394, -21.3326138], [55.4843513, -21.3322704]]}"
En exploitation;AÈrien;63;Abondance/St Pierre;-21.1904053572,55.5709051581;"{""type"": ""LineString"", ""coordinates"": [[55.4960959, -21.3301024], [55.4975005, -21.3273992], [55.4989439, -21.324514], [55.5010285, -21.3203496], [55.5025408, -21.3173536], [55.5034635, -21.3155846], [55.5046862, -21.3130581], [55.5032205, -21.3103922], [55.5019839, -21.3080976], [55.500516, -21.305461], [55.4994819, -21.3035373], [55.4981112, -21.3010292], [55.4964979, -21.2982199], [55.4950976, -21.2955881], [55.4932192, -21.2921527], [55.491534, -21.2890883], [55.4899781, -21.2862334], [55.488947, -21.284302], [55.4877423, -21.2821287], [55.4873897, -21.2787313], [55.4869267, -21.2746235], [55.4865269, -21.2711744], [55.4861597, -21.2676557], [55.485839, -21.264817], [55.4855323, -21.2617676], [55.4874392, -21.2598685], [55.4895173, -21.2578799], [55.4914089, -21.2560333], [55.4935174, -21.2539659], [55.4957134, -21.251847], [55.4975712, -21.2500307], [55.5006735, -21.2470008], [55.5024514, -21.2452654], [55.5045266, -21.2432716], [55.5068956, -21.2409788], [55.5082362, -21.2396736], [55.5098935, -21.2380857], [55.5124333, -21.2355698], [55.5145922, -21.2335145], [55.5170188, -21.2311383], [55.5196444, -21.2285527], [55.522978, -21.2253237], [55.5256942, -21.2226717], [55.5290842, -21.2193952], [55.5315404, -21.218347], [55.5351538, -21.2167779], [55.5375316, -21.2157383], [55.5394734, -21.2119617], [55.5411487, -21.208621], [55.5425437, -21.2058888], [55.5437954, -21.2046341], [55.5458825, -21.2024667], [55.5479104, -21.2003812], [55.5498814, -21.198385], [55.5526606, -21.1954976], [55.5553222, -21.1927112], [55.557882, -21.1900697], [55.560415, -21.187435], [55.5633292, -21.1844417], [55.5656366, -21.1820621], [55.5686296, -21.1789399], [55.5713201, -21.1761736], [55.5740791, -21.1733119], [55.5769325, -21.1703558], [55.5792991, -21.1679288], [55.5816652, -21.1654355], [55.5839912, -21.1630384], [55.5857953, -21.1611739], [55.5873246, -21.1595908], [55.5888613, -21.1580034], [55.589715, -21.1571605], [55.5957493, -21.151607], [55.5978931, -21.1495836], [55.5998947, -21.1477471], [55.6018605, -21.145927], [55.6036873, -21.1442252], [55.6052958, -21.1427558], [55.6085408, -21.1397513], [55.6101796, -21.138251], [55.6126112, -21.1360029], [55.6148144, -21.1339838], [55.6165598, -21.1323886], [55.6190325, -21.1300872], [55.6216484, -21.1295019], [55.6242421, -21.128897], [55.6280554, -21.1280009], [55.6320503, -21.1270795], [55.6356532, -21.1262501], [55.6375684, -21.1246311], [55.6390652, -21.1233735], [55.6410744, -21.1225072], [55.643164, -21.1216072], [55.645229, -21.1197262], [55.6475459, -21.1176278], [55.649734, -21.1156279], [55.6519824, -21.1135966], [55.653628, -21.1120971], [55.6551169, -21.1107609], [55.6586681, -21.1093737], [55.6617949, -21.1081424], [55.6647455, -21.1070054], [55.6665818, -21.1063112], [55.6680488, -21.1042372], [55.6694631, -21.1022557], [55.6723913, -21.0981064], [55.6742376, -21.0954423], [55.6761953, -21.0926902], [55.6777289, -21.0905369], [55.6799983, -21.0873141], [55.6822719, -21.084107], [55.6837859, -21.0817055], [55.6839634, -21.0800498], [55.6842839, -21.0770114], [55.6847154, -21.0728992], [55.6852241, -21.0680741], [55.685603, -21.0645679], [55.6857846, -21.0627407]]}"
En exploitation;AÈrien;63;Abondance/St Pierre;-21.0490448698,55.6774432422;"{""type"": ""LineString"", ""coordinates"": [[55.6857846, -21.0627407], [55.6861541, -21.0591918], [55.6812486, -21.0534047], [55.6792817, -21.0510805], [55.6770641, -21.0484883], [55.6750519, -21.046045], [55.6735833, -21.0443179], [55.668551, -21.0383722], [55.6675706, -21.0359464], [55.6673438, -21.0357068]]}"
En exploitation;AÈrien;63;St Paul/Saline;-21.0890536,55.28131305;"{""type"": ""LineString"", ""coordinates"": [[55.2817879, -21.0890021], [55.2808382, -21.0891051]]}"
En exploitation;AÈrien;63;Abondance/Moufia;-21.031382696,55.6662504437;"{""type"": ""LineString"", ""coordinates"": [[55.6665482, -21.0352357], [55.6664456, -21.0347821], [55.6662415, -21.0312926], [55.6660265, -21.0275195]]}"
En exploitation;AÈrien;63;Le Bras de la Plaine/Tampon;-21.2827279717,55.463434583;"{""type"": ""LineString"", ""coordinates"": [[55.4646769, -21.2823624], [55.4635879, -21.2825004], [55.4627824, -21.2831761], [55.46225, -21.2830441]]}"
En exploitation;AÈrien;63;Le Bras de la Plaine/St Pierre;-21.3257773042,55.4724950353;"{""type"": ""LineString"", ""coordinates"": [[55.4715842, -21.3246799], [55.4726612, -21.3259752], [55.4734031, -21.326877]]}"
En exploitation;AÈrien;63;Le Bras de la Plaine/Le Gol2;-21.2617050602,55.4099872664;"{""type"": ""LineString"", ""coordinates"": [[55.4324405, -21.252252], [55.4306195, -21.2531186], [55.4288432, -21.2534415], [55.4278563, -21.2556172], [55.4270933, -21.2579735], [55.4246114, -21.2599272], [55.4224448, -21.2608682], [55.4195828, -21.2612517], [55.4159894, -21.260095], [55.4138431, -21.259388], [55.4109212, -21.2584222], [55.4074006, -21.2586349], [55.404617, -21.2588021], [55.4013171, -21.259005], [55.3989366, -21.2591562], [55.3969309, -21.2615249], [55.396939, -21.2644708], [55.3958789, -21.2675085], [55.395965, -21.269686], [55.3958728, -21.2722341], [55.3957832, -21.2748223], [55.3955904, -21.2776966], [55.3955094, -21.277703], [55.3954709, -21.2775484]]}"
En exploitation;AÈrien;63;Le Bras de la Plaine/St Pierre;-21.3026760462,55.4680209449;"{""type"": ""LineString"", ""coordinates"": [[55.4646796, -21.282357], [55.465142, -21.284853], [55.4654403, -21.2867752], [55.4658329, -21.2890726], [55.4662242, -21.291494], [55.4666069, -21.2939915], [55.4670036, -21.2964394], [55.4674658, -21.2992145], [55.4679016, -21.3018695], [55.4683122, -21.3043294], [55.468656, -21.3066382], [55.4690934, -21.3093869], [55.4694455, -21.3114246], [55.4697704, -21.3134777], [55.4700838, -21.3153558], [55.470487, -21.3180866], [55.4709649, -21.3208435], [55.4713283, -21.3230009]]}"
En exploitation;AÈrien;63;Abondance/Beaufonds/Riviere de l'Est;-21.112231443,55.7403301156;"{""type"": ""LineString"", ""coordinates"": [[55.7000433, -21.0795871], [55.7015917, -21.0829552], [55.703183, -21.0863915], [55.7042492, -21.0886366], [55.7062378, -21.0903257], [55.7089776, -21.0926588], [55.7121503, -21.0953029], [55.7150301, -21.0977438], [55.7182631, -21.1004528], [55.7208756, -21.1026802], [55.7236548, -21.1050103], [55.7265836, -21.1074907], [55.7292065, -21.1096852], [55.7314004, -21.1115525], [55.7343265, -21.1140127], [55.737279, -21.116502], [55.7405514, -21.1176631], [55.7440499, -21.1188985], [55.7469306, -21.1199168], [55.748898, -21.1205912], [55.7526609, -21.1218842], [55.7567242, -21.123288], [55.7590919, -21.124107], [55.7626176, -21.1252961], [55.7657185, -21.1263742], [55.7691019, -21.1274982], [55.7723426, -21.1285695], [55.7752923, -21.1294982], [55.7773182, -21.1301445], [55.7805229, -21.1311416], [55.7840963, -21.1322859], [55.7849425, -21.1311501], [55.7862307, -21.1294321], [55.7867165, -21.128138]]}"
En exploitation;AÈrien;63;Abondance/St Andre;-20.968876072,55.614993594;"{""type"": ""LineString"", ""coordinates"": [[55.6219847, -20.9632225], [55.6209434, -20.9640484], [55.6184707, -20.9660513], [55.6160636, -20.9680113], [55.614064, -20.9696244], [55.6118296, -20.9714446], [55.6093629, -20.9734583], [55.6079938, -20.9745184]]}"
En exploitation;AÈrien;63;Abondance/Moufia;-20.9358895,55.50034705;"{""type"": ""LineString"", ""coordinates"": [[55.503727, -20.9375824], [55.4969671, -20.9341966]]}"
En exploitation;AÈrien;63;Le Bras de la Plaine/Tampon;-21.23253295,55.51457205;"{""type"": ""LineString"", ""coordinates"": [[55.5145328, -21.2325836], [55.5146113, -21.2324823]]}"
En exploitation;AÈrien;63;Abondance/St Andre;-20.9862204,55.62714635;"{""type"": ""LineString"", ""coordinates"": [[55.630181, -20.9880773], [55.6241117, -20.9843635]]}"
En exploitation;AÈrien;63;Langevin/St Pierre;-21.3584718987,55.6459478903;"{""type"": ""LineString"", ""coordinates"": [[55.6479344, -21.3579715], [55.6475184, -21.358807], [55.643551, -21.3581752]]}"
En exploitation;AÈrien;63;Abondance/Moufia;-21.035301359,55.6669116152;"{""type"": ""LineString"", ""coordinates"": [[55.6672462, -21.035508], [55.6667941, -21.0351794], [55.6665482, -21.0352357]]}"
En exploitation;AÈrien;63;Langevin/St Pierre;-21.357042159,55.636172496;"{""type"": ""LineString"", ""coordinates"": [[55.643551, -21.3581752], [55.6422341, -21.3579812], [55.6411973, -21.3578261], [55.639904, -21.3576], [55.6386912, -21.357409], [55.6368163, -21.3571597], [55.6346884, -21.356803], [55.6332214, -21.3565894], [55.6318192, -21.3563679], [55.6297524, -21.3560617], [55.6287908, -21.3559291]]}"
En exploitation;AÈrien;63;Bois Rouge/St Andre;-20.9630898,55.6221781;"{""type"": ""LineString"", ""coordinates"": [[55.6219422, -20.9631178], [55.622414, -20.9630618]]}"
En exploitation;AÈrien;63;Digue/Moufia;-20.8961,55.4506967;"{""type"": ""LineString"", ""coordinates"": [[55.450703, -20.8966707], [55.4506904, -20.8955293]]}"
En exploitation;AÈrien;63;Le Bras de la Plaine/Tampon;-21.2572431574,55.489356487;"{""type"": ""LineString"", ""coordinates"": [[55.4646769, -21.2823624], [55.4662312, -21.280526], [55.4683475, -21.2780357], [55.4695781, -21.2765512], [55.4705321, -21.2754622], [55.4716345, -21.2743788], [55.4727461, -21.2733046], [55.4747663, -21.2713283], [55.4766797, -21.2694949], [55.478497, -21.2677388], [55.4802932, -21.2659823], [55.4827063, -21.263641], [55.4854541, -21.2609698], [55.4878924, -21.2585994], [55.4890864, -21.2574442], [55.4915045, -21.2550772], [55.4931068, -21.2535474], [55.4958491, -21.2508694], [55.4977373, -21.249023], [55.4999524, -21.246868], [55.5014099, -21.2454447], [55.5032376, -21.2436782], [55.5052091, -21.241752], [55.5065473, -21.2404552], [55.5085424, -21.2385235], [55.5107686, -21.2363379], [55.5126826, -21.2344785], [55.5145328, -21.2325836]]}"
En exploitation;AÈrien;63;Piquage/Beaufonds;-21.0654615408,55.7103318737;"{""type"": ""LineString"", ""coordinates"": [[55.7000433, -21.0795871], [55.7001868, -21.0793946], [55.7010731, -21.0781483], [55.7020883, -21.0767377], [55.7031528, -21.0752902], [55.7042364, -21.0738069], [55.7054743, -21.0721107], [55.7065715, -21.0706132], [55.7078256, -21.0688953], [55.7087146, -21.0676854], [55.7099779, -21.0659474], [55.7111372, -21.0643719], [55.7122136, -21.0628969], [55.7133656, -21.0613268], [55.7144753, -21.0597868], [55.7153971, -21.0585105], [55.7166803, -21.0567416], [55.717789, -21.0552363], [55.7187766, -21.0538678], [55.7199535, -21.0522825], [55.7204236, -21.051639], [55.7207233, -21.0514376]]}"
En exploitation;AÈrien;63;Langevin/St Pierre;-21.3550192508,55.6231596069;"{""type"": ""LineString"", ""coordinates"": [[55.6287908, -21.3559291], [55.6276901, -21.3557349], [55.6192256, -21.3543924], [55.6175223, -21.354148]]}"
En exploitation;AÈrien;63;Abondance/Beaufonds/Riviere de l'Est;-21.0555199166,55.6862184623;"{""type"": ""LineString"", ""coordinates"": [[55.6675139, -21.0355511], [55.6677547, -21.0357516], [55.6700938, -21.0379446], [55.6761458, -21.043488], [55.6788263, -21.0459293], [55.6820541, -21.0468721], [55.6855537, -21.0479483], [55.6866877, -21.0505263], [55.6882843, -21.0539818], [55.6897745, -21.0572218], [55.6911623, -21.0602383], [55.6926239, -21.0633989], [55.6942651, -21.0669893], [55.6958858, -21.0705141], [55.6972992, -21.0735672], [55.6986305, -21.0764212], [55.7000433, -21.0795871]]}"
En exploitation;AÈrien;63;Digue/Moufia;-20.9009349132,55.4503051285;"{""type"": ""LineString"", ""coordinates"": [[55.450703, -20.8966707], [55.4508754, -20.8967714], [55.4504227, -20.8985973], [55.4503088, -20.9005528], [55.4502805, -20.9010689], [55.4501182, -20.9029542], [55.4500712, -20.9035908], [55.4499815, -20.9050939], [55.4497808, -20.9052295]]}"
En exploitation;AÈrien;63;Marquet/St Paul;-20.9463042992,55.3209113786;"{""type"": ""LineString"", ""coordinates"": [[55.3292865, -20.9410391], [55.3298841, -20.9401538], [55.3287422, -20.941664], [55.3268966, -20.9435915], [55.3238255, -20.9449174], [55.3216604, -20.9457818], [55.3192254, -20.9467799], [55.3170636, -20.9481608], [55.3153304, -20.9494457], [55.3131851, -20.9509744], [55.3109771, -20.9525575], [55.310918, -20.9528262]]}"
En exploitation;AÈrien;63;Digue/Moufia;-20.9038843,55.45364715;"{""type"": ""LineString"", ""coordinates"": [[55.4497808, -20.9052295], [55.4575135, -20.9025391]]}"
En exploitation;AÈrien;63;Le Bras de la Plaine/Le Gol;-21.2683740666,55.3967600581;"{""type"": ""LineString"", ""coordinates"": [[55.3989953, -21.2592657], [55.3980397, -21.2617005], [55.397095, -21.2645464], [55.3960764, -21.2675234], [55.3961983, -21.2708672], [55.3962163, -21.2726966], [55.3962481, -21.2751941], [55.3956788, -21.277711]]}"
En exploitation;AÈrien;63;Le Gol/St Leu;-21.2000889255,55.3025441383;"{""type"": ""LineString"", ""coordinates"": [[55.3024238, -21.1997609], [55.3026222, -21.2001672], [55.3025363, -21.2004255]]}"
En exploitation;AÈrien;63;Takamaka/Tampon;-21.2327571,55.51446195;"{""type"": ""LineString"", ""coordinates"": [[55.5144682, -21.2326655], [55.5144557, -21.2328487]]}"
En exploitation;AÈrien;63;Moufia/Possession;-20.9204798444,55.4071491137;"{""type"": ""LineString"", ""coordinates"": [[55.3380194, -20.9342291], [55.3419054, -20.9344129], [55.3471933, -20.9354787], [55.3511837, -20.935462], [55.3539528, -20.9354435], [55.3564222, -20.9340353], [55.3581551, -20.9330536], [55.3626482, -20.9320024], [55.3666765, -20.9310476], [55.3687893, -20.9305652], [55.3715129, -20.9293437], [55.3751989, -20.9276504], [55.376537, -20.9270705], [55.3803955, -20.9253175], [55.3823215, -20.9244368], [55.3842518, -20.9235605], [55.3909158, -20.920536], [55.3931932, -20.9195177], [55.3980686, -20.9172811], [55.4029445, -20.9150745], [55.4080808, -20.9127225], [55.4113994, -20.9113526], [55.4152516, -20.9097369], [55.4192453, -20.9080806], [55.4226545, -20.9066768], [55.4272222, -20.9058809], [55.440076, -20.9089319], [55.441714, -20.9104697], [55.4421402, -20.9112575], [55.4436396, -20.9141771], [55.4455672, -20.9175164], [55.4477668, -20.9214481], [55.448719, -20.9230128], [55.4497265, -20.9231265], [55.4524839, -20.9233148], [55.4531092, -20.9233518], [55.4558474, -20.923591], [55.4606221, -20.9224263], [55.4615757, -20.9218121], [55.4639339, -20.9203249], [55.4658466, -20.9189833], [55.467351, -20.9179168], [55.4712287, -20.9152066]]}"
En exploitation;AÈrien;63;Takamaka/Tampon;-21.0946582549,55.6382654831;"{""type"": ""LineString"", ""coordinates"": [[55.6307401, -21.095014], [55.6306612, -21.0950706], [55.6456232, -21.0942521], [55.645682, -21.0944287], [55.6457227, -21.0945858]]}"
En exploitation;AÈrien;63;Marquet/St Paul;-20.9698685924,55.311671983;"{""type"": ""LineString"", ""coordinates"": [[55.308832, -20.9577027], [55.3096919, -20.9583232], [55.3121471, -20.9600213], [55.312456, -20.9643772], [55.3125384, -20.9655691], [55.3127573, -20.9681659], [55.3123192, -20.9708931], [55.3117986, -20.9745019], [55.3113884, -20.9770003], [55.3107148, -20.9813988], [55.3103782, -20.983433]]}"
En exploitation;AÈrien;63;Bois Rouge/Ste Marie;-20.9394623276,55.589087331;"{""type"": ""LineString"", ""coordinates"": [[55.5377081, -20.9387749], [55.5405264, -20.93904], [55.5427435, -20.939155], [55.5445942, -20.939269], [55.5469439, -20.9393731], [55.5497262, -20.9395449], [55.5523115, -20.9396767], [55.5537501, -20.9405568], [55.5562001, -20.9420805], [55.5574973, -20.9428333], [55.5602792, -20.944549], [55.5622137, -20.9457562], [55.56434, -20.9470535], [55.5661881, -20.948187], [55.5686356, -20.9496884], [55.5705227, -20.9508466], [55.5727864, -20.952239], [55.5747334, -20.9534184], [55.5769139, -20.9547806], [55.578841, -20.9559497], [55.5813387, -20.9574597], [55.5834497, -20.9558148], [55.5850678, -20.9545538], [55.5870406, -20.9530209], [55.5891752, -20.9513494], [55.5908099, -20.950091], [55.5930383, -20.9483356], [55.594863, -20.9469197], [55.5973211, -20.9449723], [55.5992737, -20.9434648], [55.6014307, -20.9417532], [55.6038538, -20.9398738], [55.6060795, -20.9381227], [55.6083704, -20.9363205], [55.6102186, -20.9349232], [55.6121232, -20.9330796], [55.6138888, -20.9313653], [55.6150946, -20.9301617], [55.6168072, -20.9285356], [55.6188901, -20.9265465], [55.6207493, -20.9247533], [55.6222772, -20.9232628], [55.6244005, -20.9212056], [55.6264134, -20.9192971], [55.6282796, -20.9174653], [55.6298098, -20.9159645], [55.6327166, -20.9155338], [55.6355574, -20.9152238], [55.6358312, -20.9139201]]}"
En exploitation;AÈrien;63;Takamaka/Tampon;-21.0937013,55.62117925;"{""type"": ""LineString"", ""coordinates"": [[55.6211196, -21.0938152], [55.6212389, -21.0935874]]}"
En exploitation;AÈrien;63;Dattiers2/Moufia2;-20.9034217324,55.465695143;"{""type"": ""LineString"", ""coordinates"": [[55.4632742, -20.9001121], [55.463494, -20.9001018], [55.4678928, -20.9067176], [55.4678167, -20.9069472]]}"
En exploitation;AÈrien;63;Takamaka/Tampon;-21.1948275493,55.5520862036;"{""type"": ""LineString"", ""coordinates"": [[55.5892306, -21.1565148], [55.5874078, -21.1584242], [55.5856416, -21.1602455], [55.5843708, -21.1615712], [55.5822108, -21.1638165], [55.5800814, -21.1660038], [55.5777675, -21.1684092], [55.5759205, -21.1703095], [55.574181, -21.172119], [55.5727273, -21.1736195], [55.5699676, -21.176488], [55.5680338, -21.178481], [55.5643224, -21.1823065], [55.5622555, -21.1844536], [55.5607508, -21.1860172], [55.5592093, -21.1875917], [55.5578345, -21.1890137], [55.5561869, -21.1907293], [55.5543326, -21.1926429], [55.552424, -21.1946152], [55.5509504, -21.1961374], [55.549102, -21.1980531], [55.5473759, -21.1998426], [55.5451448, -21.2021146], [55.5427737, -21.2045888], [55.5406106, -21.2068319], [55.5386024, -21.2088552], [55.5369779, -21.2105629], [55.5350393, -21.2125683], [55.5324017, -21.2153034], [55.5305105, -21.2171688], [55.5287873, -21.2188721], [55.526373, -21.2211359], [55.5246986, -21.2227952], [55.522355, -21.2250506], [55.5203813, -21.2270081], [55.5179369, -21.2293817], [55.5165882, -21.2306915], [55.5144682, -21.2326655]]}"
En exploitation;AÈrien;63;St Leu/Saline;-21.1999638704,55.3102782134;"{""type"": ""LineString"", ""coordinates"": [[55.3027045, -21.2003707], [55.3029554, -21.2001428], [55.30480089999999, -21.200169], [55.3072727, -21.2001847], [55.3101453, -21.2001934], [55.3131554, -21.1998589], [55.3154648, -21.199597], [55.3176221, -21.1993124], [55.317825, -21.1995215]]}"
En exploitation;AÈrien;63;Takamaka/Tampon;-21.0942822601,55.6260581293;"{""type"": ""LineString"", ""coordinates"": [[55.6212389, -21.0935874], [55.6308013, -21.0949657], [55.6307401, -21.095014]]}"
En exploitation;AÈrien;63;St Leu/Saline;-21.2003206173,55.3102928772;"{""type"": ""LineString"", ""coordinates"": [[55.3027045, -21.2003707], [55.3029539, -21.2005076], [55.3047973, -21.2005302], [55.30727069999999, -21.200546], [55.3101674, -21.2005547], [55.3132012, -21.2002177], [55.315514, -21.1999554], [55.3176821, -21.1996728], [55.317825, -21.1995215]]}"
En exploitation;AÈrien;63;Abondance/Ste Rose;-21.0933656445,55.7213445086;"{""type"": ""LineString"", ""coordinates"": [[55.6675724, -21.0357509], [55.6675969, -21.0357927], [55.6690189, -21.0382159], [55.6756313, -21.0442945], [55.6782149, -21.0466649], [55.681099, -21.0475035], [55.6847797, -21.0486039], [55.6858831, -21.0509304], [55.6874937, -21.05442], [55.689093, -21.0578875], [55.6906997, -21.0613721], [55.6919683, -21.0641518], [55.6935421, -21.067561], [55.6948139, -21.0703403], [55.6959609, -21.0727999], [55.697092, -21.0752573], [55.6980768, -21.0773765], [55.6992855, -21.0800367], [55.7006018, -21.0828926], [55.7022087, -21.0863617], [55.7034336, -21.0890194], [55.7053625, -21.0906383], [55.7075468, -21.092476], [55.7099062, -21.0944652], [55.7120272, -21.0962594], [55.7147144, -21.0985006], [55.7178122, -21.1010988], [55.7205073, -21.1033713], [55.7229607, -21.1054387], [55.7250601, -21.1072171], [55.7271612, -21.1089646], [55.7293176, -21.1108036], [55.731362, -21.1125042], [55.7332258, -21.1140639], [55.7350601, -21.11562], [55.7368673, -21.117145], [55.7398458, -21.1182883], [55.7435551, -21.1196099], [55.746443, -21.120616], [55.751735, -21.1224405], [55.7555429, -21.1237574], [55.7580296, -21.1246102], [55.7606788, -21.1255264], [55.763503, -21.126505], [55.7657118, -21.12707], [55.7688659, -21.1278451], [55.7722046, -21.1289203], [55.7751568, -21.1298611], [55.7772689, -21.1305115], [55.7803359, -21.1314904], [55.7840277, -21.1326551], [55.7850911, -21.1312914], [55.786419, -21.1295234], [55.786934, -21.1281691]]}"
En exploitation;AÈrien;63;Moufia/Ste Marie;-20.9326264245,55.5053127005;"{""type"": ""LineString"", ""coordinates"": [[55.4767614, -20.9176706], [55.4770467, -20.9176411], [55.4787284, -20.9188668], [55.4807813, -20.9204185], [55.4825801, -20.9218514], [55.4846486, -20.9234984], [55.4868891, -20.9252706], [55.489298, -20.9270693], [55.4905687, -20.9276398], [55.4935135, -20.9296474], [55.4946077, -20.9307956], [55.4958151, -20.9320623], [55.4975302, -20.9329504], [55.4991678, -20.9337744], [55.5036907, -20.936074], [55.5057979, -20.9371769], [55.5084841, -20.9373186], [55.5120625, -20.9375219], [55.514317, -20.9376102], [55.5175017, -20.9378028], [55.5201916, -20.9379214], [55.5235913, -20.9381162], [55.525835, -20.9382363], [55.5284839, -20.9384082], [55.5312483, -20.9385396], [55.5348656, -20.9387255], [55.5370789, -20.9387422]]}"
En exploitation;AÈrien;63;Abondance/St Andre;-20.96319195,55.6222814;"{""type"": ""LineString"", ""coordinates"": [[55.6221371, -20.9633332], [55.6224257, -20.9630507]]}"
En exploitation;AÈrien;63;Digue/Possession1;-20.896092,55.4505922;"{""type"": ""LineString"", ""coordinates"": [[55.450705, -20.8966329], [55.4504794, -20.8955511]]}"
En exploitation;AÈrien;63;Dattiers1/Moufia1;-20.9174733477,55.4763119341;"{""type"": ""LineString"", ""coordinates"": [[55.4762228, -20.9174152], [55.4762538, -20.9174353], [55.476401, -20.9175316]]}"
En exploitation;AÈrien;63;Digue/Possession1;-20.9052006135,55.4454954867;"{""type"": ""LineString"", ""coordinates"": [[55.4497097, -20.9052102], [55.4454401, -20.9053212], [55.4437624, -20.9051762], [55.4412901, -20.904936]]}"
En exploitation;AÈrien;63;Bois Rouge/Ste Marie;-20.927202059,55.5358671919;"{""type"": ""LineString"", ""coordinates"": [[55.5377081, -20.9387749], [55.5375933, -20.9373096], [55.5374788, -20.9355111], [55.53733, -20.9329125], [55.5362912, -20.9306443], [55.5352708, -20.9282056], [55.5347122, -20.9253288], [55.5341553, -20.9223704], [55.5345923, -20.9208447], [55.5351458, -20.9184646], [55.5365441, -20.9158893]]}"
En exploitation;AÈrien;63;Digue/Possession1;-20.9207197,55.3867225;"{""type"": ""LineString"", ""coordinates"": [[55.3901045, -20.9193353], [55.3833405, -20.9221041]]}"
En exploitation;AÈrien;63;Dattiers2/Moufia2;-20.9164498921,55.4749014621;"{""type"": ""LineString"", ""coordinates"": [[55.4731681, -20.9150691], [55.4761195, -20.9174495], [55.4767159, -20.9176934]]}"
En exploitation;AÈrien;63;Abondance/Moufia;-21.0355481175,55.666725381;"{""type"": ""LineString"", ""coordinates"": [[55.6670095, -21.035793], [55.6665966, -21.0354909], [55.6665482, -21.0352357]]}"
En exploitation;AÈrien;63;St Leu/Saline;-21.2000264129,55.302634106;"{""type"": ""LineString"", ""coordinates"": [[55.3023832, -21.1996923], [55.3028123, -21.200207], [55.3027045, -21.2003707]]}"
En exploitation;AÈrien;63;Abondance/Takamaka;-21.0351813795,55.6669684984;"{""type"": ""LineString"", ""coordinates"": [[55.6673789, -21.0353296], [55.6667588, -21.0350697], [55.6665682, -21.035182]]}"
En exploitation;AÈrien;63;Moufia/Ste Marie;-20.9270818237,55.535372518;"{""type"": ""LineString"", ""coordinates"": [[55.5370789, -20.9387422], [55.5370441, -20.9373822], [55.5369754, -20.9354525], [55.5369206, -20.932917], [55.5359099, -20.9308386], [55.535139, -20.9292362], [55.5343493, -20.9253725], [55.5337143, -20.9222889], [55.5341513, -20.9207778], [55.5348285, -20.9179397], [55.5354529, -20.9154468]]}"
En exploitation;AÈrien;63;Abondance/Takamaka;-21.0878695934,55.6247788319;"{""type"": ""LineString"", ""coordinates"": [[55.6277868, -21.0817313], [55.626635, -21.0854286], [55.6246368, -21.0890337], [55.6213943, -21.0921545], [55.6210312, -21.0935133]]}"
En exploitation;AÈrien;63;Digue/Possession1;-20.926894216,55.3603923264;"{""type"": ""LineString"", ""coordinates"": [[55.3833405, -20.9221041], [55.3809411, -20.923054], [55.377617, -20.9231622], [55.3747667, -20.9232524], [55.3711842, -20.9233391], [55.3684586, -20.9234206], [55.3670302, -20.9239791], [55.3647254, -20.9249542], [55.3622116, -20.9259909], [55.3607959, -20.9265817], [55.3585813, -20.9271693], [55.3538889, -20.9284061], [55.3518041, -20.9289834], [55.3497925, -20.9295026], [55.3480232, -20.9299991], [55.3445046, -20.9309355], [55.3402388, -20.9330275], [55.3380194, -20.9342291]]}"
En exploitation;AÈrien;63;Bois Rouge/St Andre;-20.91470175,55.6358212;"{""type"": ""LineString"", ""coordinates"": [[55.635502, -20.915399], [55.6361404, -20.9140045]]}"
En exploitation;AÈrien;63;Abondance/St Pierre;-21.3311807332,55.4902225147;"{""type"": ""LineString"", ""coordinates"": [[55.4843513, -21.3322704], [55.4862271, -21.3319066], [55.4887102, -21.3314637], [55.4911483, -21.3310126], [55.4938139, -21.3305165], [55.4960959, -21.3301024]]}"
En exploitation;AÈrien;63;Bois Rouge/St Andre;-20.9367908653,55.6185456734;"{""type"": ""LineString"", ""coordinates"": [[55.6219422, -20.9631178], [55.6196483, -20.9607563], [55.6178753, -20.9589125], [55.6163561, -20.9573518], [55.6143305, -20.9552081], [55.6138042, -20.9523892], [55.6131044, -20.9485599], [55.612584, -20.9455554], [55.6120834, -20.9427144], [55.611623, -20.9402075], [55.6111993, -20.9377513], [55.6111154, -20.9344949], [55.6126853, -20.9329684], [55.6141244, -20.9315587], [55.6156233, -20.9301353], [55.61739879999999, -20.9284156], [55.6189445, -20.9269337], [55.6210186, -20.9249222], [55.6224887, -20.9235168], [55.6248071, -20.9212831], [55.626158, -20.9199692], [55.6279668, -20.9182045], [55.6298845, -20.9163882], [55.6327586, -20.9158714], [55.635502, -20.915399]]}"
En exploitation;AÈrien;63;Abondance/Takamaka;-21.0584686346,55.6480459655;"{""type"": ""LineString"", ""coordinates"": [[55.6665682, -21.035182], [55.6665588, -21.0365841], [55.6666591, -21.0381442], [55.6640237, -21.0397206], [55.6630175, -21.0427662], [55.6622788, -21.0450545], [55.6618833, -21.0461424], [55.6596131, -21.0482295], [55.6571032, -21.0504863], [55.6556054, -21.0518356], [55.6535902, -21.0536629], [55.6516541, -21.0553956], [55.6504648, -21.0564669], [55.6482811, -21.0584443], [55.6463844, -21.0602316], [55.6435586, -21.0624924], [55.6416653, -21.0640418], [55.6398032, -21.0655553], [55.6376872, -21.0672096], [55.6364048, -21.0693804], [55.6354519, -21.0710449], [55.6336035, -21.0729883], [55.6322627, -21.0750021], [55.6312153, -21.076567], [55.6305611, -21.0775738], [55.6294136, -21.0792694], [55.6277868, -21.0817313]]}"
En exploitation;AÈrien;63;Le Bras de la Plaine/St Pierre;-21.2825725953,55.4634757891;"{""type"": ""LineString"", ""coordinates"": [[55.4622903, -21.2829101], [55.4627317, -21.283025], [55.4634947, -21.2824144], [55.4635445, -21.2823673], [55.4646204, -21.2822584], [55.4646209, -21.2822584], [55.4646796, -21.282357]]}"
En exploitation;AÈrien;63;Abondance/Takamaka;-21.09379935,55.62096445;"{""type"": ""LineString"", ""coordinates"": [[55.6210312, -21.0935133], [55.6208977, -21.0940854]]}"
En exploitation;AÈrien;63;Le Gol/La Vallee;-21.2614663375,55.4100371239;"{""type"": ""LineString"", ""coordinates"": [[55.432451, -21.2521148], [55.4305747, -21.2530037], [55.4287613, -21.2533332], [55.4277523, -21.2555576], [55.4269963, -21.2578929], [55.4245461, -21.2598216], [55.4224039, -21.260752], [55.419579, -21.2611305], [55.4160078, -21.259981], [55.4138618, -21.259274], [55.4109214, -21.2583021], [55.4073813, -21.2585161], [55.4045974, -21.2586833], [55.4012975, -21.2588862], [55.3988743, -21.2590401], [55.3968212, -21.2614648], [55.3968293, -21.2644278], [55.3957688, -21.2674671], [55.3958552, -21.2696574], [55.3957634, -21.2722024], [55.3956737, -21.2747892], [55.3954961, -21.2774366]]}"
En exploitation;AÈrien;63;Le Bras de la Plaine/St Pierre;-21.3238404,55.47145625;"{""type"": ""LineString"", ""coordinates"": [[55.4713283, -21.3230009], [55.4715842, -21.3246799]]}"
En exploitation;AÈrien;63;Le Gol/St Leu;-21.2345995029,55.3569065592;"{""type"": ""LineString"", ""coordinates"": [[55.3952399, -21.27709], [55.3949357, -21.2754376], [55.394415, -21.2725305], [55.3939776, -21.2701121], [55.392772, -21.2685292], [55.39014, -21.2650733], [55.3889059, -21.2634529], [55.38767, -21.26183], [55.3852726, -21.2592048], [55.3836557, -21.2574343], [55.3822081, -21.2549639], [55.3807103, -21.2524077], [55.3787447, -21.2508892], [55.3778809, -21.2502217], [55.3761592, -21.2488916], [55.3738178, -21.2475049], [55.3722077, -21.2465514], [55.369901, -21.2451852], [55.3683229, -21.2446884], [55.3658157, -21.2423891], [55.3637108, -21.2403098], [55.3604674, -21.2372306], [55.3591998, -21.2349355], [55.3551397, -21.2329543], [55.3550254, -21.2303247], [55.3539157, -21.2281755], [55.3528201, -21.22706], [55.3510186, -21.2263025], [55.3476901, -21.22645], [55.3435069, -21.227045], [55.3426501, -21.22676], [55.3413892, -21.2243729], [55.3405486, -21.2227815], [55.3392988, -21.2204154], [55.33834, -21.2186], [55.3341622, -21.2176935], [55.3321699, -21.2172612], [55.3308043, -21.2151969], [55.3290588, -21.2129625], [55.3268729, -21.2101637], [55.3253825, -21.2083286], [55.3247964, -21.2052188], [55.3241597, -21.2018414], [55.3237495, -21.1996651], [55.3233256, -21.1974145], [55.3214237, -21.1981575], [55.3195336, -21.1988965], [55.317825, -21.1995215]]}"
En exploitation;AÈrien;63;Abondance/Takamaka;-21.0354687454,55.6668428411;"{""type"": ""LineString"", ""coordinates"": [[55.6672194, -21.0356585], [55.6666553, -21.0354173], [55.6665682, -21.035182]]}"
En exploitation;AÈrien;63;St Paul/Saline;-21.0467186606,55.3152164733;"{""type"": ""LineString"", ""coordinates"": [[55.3133885, -21.0929539], [55.3133462, -21.09142], [55.3132782, -21.0889582], [55.3132154, -21.0866895], [55.3140895, -21.084043], [55.3149464, -21.0814479], [55.3157359, -21.0790585], [55.3166528, -21.0762818], [55.3172495, -21.0750894], [55.3182746, -21.073041], [55.3183126, -21.0708262], [55.318837, -21.0677434], [55.3186883, -21.0653672], [55.3188695, -21.0623687], [55.3205497, -21.0592503], [55.3221833, -21.0562179], [55.3235605, -21.0536619], [55.3242148, -21.052447], [55.3230463, -21.0511425], [55.3216988, -21.0496384], [55.3202262, -21.0479944], [55.3186312, -21.0459389], [55.3165724, -21.0433014], [55.3177278, -21.0409564], [55.3181746, -21.0374613], [55.3179735, -21.0350822], [55.317884, -21.0328864], [55.3178137, -21.0311473], [55.3164422, -21.0298748], [55.3148487, -21.0283953], [55.3130843, -21.0267572], [55.3113664, -21.0251619], [55.3095488, -21.0234756], [55.3074178, -21.0214973], [55.3077416, -21.0186679], [55.3079808, -21.0165763], [55.3072685, -21.0142695], [55.3071415, -21.012079], [55.3068958, -21.0096672], [55.3070324, -21.0084591], [55.3073161, -21.0059549], [55.3075151, -21.0042001], [55.307767, -21.0019724], [55.3079122, -21.0016358]]}"
En exploitation;AÈrien;63;Le Gol/La Vallee;-21.2639284594,55.4525317783;"{""type"": ""LineString"", ""coordinates"": [[55.4629579, -21.2826794], [55.4607961, -21.2803814], [55.4589475, -21.2783972], [55.4585926, -21.2720676], [55.4552816, -21.2663434], [55.4536501, -21.2630549], [55.4523316, -21.2603953], [55.4509404, -21.257553], [55.449236, -21.2556514], [55.4473381, -21.2534943], [55.4461357, -21.2519788], [55.4434371, -21.2510361], [55.43995, -21.2498308], [55.4398333, -21.2497873], [55.4377934, -21.2506433]]}"
En exploitation;AÈrien;63;St Leu/Saline;-21.1477971417,55.3240492427;"{""type"": ""LineString"", ""coordinates"": [[55.3233877, -21.1973086], [55.3246785, -21.1951094], [55.3261496, -21.192603], [55.328765, -21.1881509], [55.3307821, -21.186258], [55.3319557, -21.1836344], [55.3327438, -21.1818726], [55.3338396, -21.1794227], [55.3335228, -21.1760579], [55.3332557, -21.1732187], [55.3329713, -21.1701953], [55.3326298, -21.1665649], [55.3322972, -21.1630308], [55.3319815, -21.1596747], [55.3309663, -21.1572113], [55.3296778, -21.1540854], [55.3280409, -21.1501129], [55.3266508, -21.1467395], [55.3253107, -21.1449158], [55.324102, -21.143271], [55.3225995, -21.1412264], [55.3209485, -21.1389793], [55.3191419, -21.1365205], [55.3186102, -21.1328636], [55.3181913, -21.1299811], [55.3177188, -21.1274491], [55.3172584, -21.1249821], [55.3168454, -21.1227686], [55.31636429999999, -21.1201903], [55.3159442, -21.1179384], [55.3161244, -21.1153111], [55.3162802, -21.1130403], [55.3150913, -21.1093763], [55.3139091, -21.1057328], [55.3128718, -21.1025357], [55.3119914, -21.0998223], [55.3131326, -21.0968828]]}"
En exploitation;AÈrien;63;St Leu/Saline;-21.0949151352,55.3132032879;"{""type"": ""LineString"", ""coordinates"": [[55.3131326, -21.0968828], [55.3131268, -21.0952071], [55.3133885, -21.0929539]]}"
En exploitation;AÈrien;63;St Leu/Saline;-21.0916058695,55.297373689;"{""type"": ""LineString"", ""coordinates"": [[55.2813833, -21.0890192], [55.28378029999999, -21.0901547], [55.2865831, -21.0915062], [55.2888601, -21.0911914], [55.2910525, -21.0907337], [55.2942205, -21.0905026], [55.2963775, -21.0902316], [55.2990046, -21.0898953], [55.302131, -21.0911566], [55.3045043, -21.0926693], [55.3058044, -21.0932667], [55.307788, -21.0938635], [55.3094482, -21.0943612], [55.3114145, -21.0946009], [55.3134703, -21.0948389]]}"
En exploitation;AÈrien;63;St Leu/Saline;-21.0938964,55.3134294;"{""type"": ""LineString"", ""coordinates"": [[55.3134703, -21.0948389], [55.3133885, -21.0929539]]}"
En exploitation;AÈrien;63;St Leu/Saline;-21.0958843943,55.3133355502;"{""type"": ""LineString"", ""coordinates"": [[55.3131326, -21.0968828], [55.3132159, -21.0968385], [55.3134703, -21.0948389]]}"
En exploitation;AÈrien;63;Le Gol/La Vallee;-21.2911056274,55.4550782919;"{""type"": ""LineString"", ""coordinates"": [[55.4552606, -21.2995868], [55.4550734, -21.2994894], [55.4509658, -21.2966807], [55.4509044, -21.2966775], [55.4506155, -21.2964925], [55.4505997, -21.2964438], [55.4498955, -21.2959646], [55.4498782, -21.2959301], [55.4498735, -21.2958946], [55.4498777, -21.2958661], [55.4505286, -21.2944199], [55.4507768, -21.2938892], [55.4508533, -21.2937004], [55.4509417, -21.2934761], [55.4510106, -21.2932813], [55.4510551, -21.2931479], [55.4511001, -21.2930832], [55.4511803, -21.293014], [55.4513294, -21.2929016], [55.4514212, -21.2928338], [55.4514352, -21.292815], [55.4514394, -21.2927842], [55.4514586, -21.2927584], [55.4515018, -21.2927243], [55.451628, -21.2926261], [55.4518399, -21.2924313], [55.4519254, -21.2923469], [55.4520821, -21.2921067], [55.4522656, -21.2918466], [55.4523579, -21.2917159], [55.4525419, -21.2915399], [55.4527571, -21.291382], [55.4530723, -21.2910959], [55.4535727, -21.2906077], [55.4540686, -21.2901235], [55.4543363, -21.289888], [55.4544554, -21.2898257], [55.4545811, -21.2897916], [55.4545989, -21.2897656], [55.4546092, -21.2897344], [55.4546129, -21.2896924], [55.4546119, -21.2896315], [55.4546124, -21.2895925], [55.4546396, -21.2895412], [55.455453, -21.2889373], [55.455514, -21.2888965], [55.455561, -21.2888704], [55.4555887, -21.2888554], [55.4567449, -21.2879635], [55.4568583, -21.2878767], [55.4570701, -21.2876981], [55.4573894, -21.2874269], [55.4575914, -21.2872505], [55.4579762, -21.2869106], [55.4588206, -21.2861683], [55.4590427, -21.2859769], [55.4595725, -21.2855329], [55.4599751, -21.2851709], [55.4603198, -21.2848623], [55.4605596, -21.2846418], [55.46097, -21.2842612], [55.4612656, -21.2839861], [55.4616772, -21.2836019], [55.4618137, -21.2834696], [55.4618263, -21.2834544], [55.4618414, -21.2834452], [55.4618677, -21.2834372], [55.4619076, -21.2834493], [55.4620565, -21.2835703], [55.4620651, -21.2835774], [55.4620838, -21.2835787], [55.462124, -21.2835731], [55.4621578, -21.2835595], [55.4629579, -21.2826794]]}"
En exploitation;AÈrien;63;Le Gol/La Vallee;-21.2515817385,55.4348413465;"{""type"": ""LineString"", ""coordinates"": [[55.432451, -21.2521148], [55.4324863, -21.2521139], [55.4325068, -21.2521177], [55.4325235, -21.2521292], [55.4325457, -21.2521527], [55.4325568, -21.2521737], [55.4325664, -21.252218], [55.4325386, -21.2523885], [55.4325169, -21.2525385], [55.4325266, -21.2525666], [55.4325334, -21.252574], [55.432553, -21.2525821], [55.4325671, -21.2525812], [55.4325881, -21.2525656], [55.4326229, -21.252518], [55.432672, -21.2524619], [55.4327525, -21.2523598], [55.4328248, -21.2522731], [55.4328965, -21.2522117], [55.432939, -21.2521896], [55.4329661, -21.2521847], [55.4329966, -21.2521879], [55.4330311, -21.252201], [55.4331136, -21.2522371], [55.4334127, -21.2523639], [55.43343, -21.2523666], [55.433443, -21.2523616], [55.4336212, -21.252159], [55.4336694, -21.2520874], [55.4336825, -21.2520613], [55.4336876, -21.2520491], [55.4336883, -21.2520253], [55.4336843, -21.2520091], [55.4336699, -21.2519576], [55.4336213, -21.2517585], [55.4335857, -21.2516151], [55.4335758, -21.2515337], [55.4335803, -21.2514747], [55.4336071, -21.2514018], [55.4336381, -21.2513404], [55.4336744, -21.2512837], [55.4337119, -21.2512382], [55.4337751, -21.2511973], [55.433815, -21.2511858], [55.4338694, -21.2511734], [55.4340271, -21.2511839], [55.4341694, -21.2511994], [55.4343192, -21.2512199], [55.4346155, -21.2513012], [55.4347913, -21.2513485], [55.4350066, -21.2513991], [55.4350671, -21.2514039], [55.4353036, -21.2514046], [55.4354926, -21.2513858], [55.4356247, -21.251364], [55.4356526, -21.2513643], [55.4357399, -21.2513827], [55.4358946, -21.2514247], [55.4360368, -21.2514758], [55.436211, -21.2515452], [55.4362772, -21.2515642], [55.4363147, -21.25156], [55.436328, -21.2515523], [55.4363462, -21.2515385], [55.4367472, -21.2511871], [55.4368068, -21.2511398], [55.4368273, -21.2511303], [55.4369027, -21.2511144], [55.4369821, -21.2511224], [55.4370426, -21.2511388], [55.4370849, -21.2511698], [55.4371906, -21.251216], [55.4372444, -21.2512261], [55.4372732, -21.2512287], [55.4372852, -21.2512216], [55.4373079, -21.2512028], [55.4373328, -21.2511801], [55.4376098, -21.2509351], [55.4376299, -21.2508981], [55.437635, -21.2508415], [55.4376371, -21.2507672], [55.4376427, -21.2507473], [55.4376668, -21.2507042], [55.4376937, -21.2506826], [55.4377934, -21.2506433]]}"
En exploitation;AÈrien;63;Le Gol/La Vallee;-21.2786555012,55.3955779193;"{""type"": ""LineString"", ""coordinates"": [[55.3954961, -21.2774366], [55.3954347, -21.2774942], [55.395232, -21.2779436], [55.3957481, -21.2794758], [55.3959855, -21.2795138], [55.3962089, -21.2791938]]}"
En exploitation;AÈrien;63;Le Gol/La Vallee;-21.3071086683,55.4559672138;"{""type"": ""LineString"", ""coordinates"": [[55.4508745, -21.3137416], [55.4511886, -21.3132914], [55.4514784, -21.3134467], [55.451551, -21.3134604], [55.4516068, -21.3134447], [55.4516489, -21.3133898], [55.4516914, -21.313309], [55.4517128, -21.3132571], [55.4516959, -21.3132114], [55.4516548, -21.3131656], [55.4513859, -21.3130069], [55.4514655, -21.3123642], [55.4515108, -21.3123321], [55.4516498, -21.3123172], [55.4518478, -21.3122897], [55.4519527, -21.3122127], [55.4526148, -21.3112631], [55.4526846, -21.3112183], [55.4527368, -21.3112058], [55.4528129, -21.3112065], [55.4537626, -21.3116247], [55.4538177, -21.3116512], [55.4538904, -21.3116682], [55.4539838, -21.3116853], [55.4540252, -21.3117149], [55.4540558, -21.3117672], [55.4540832, -21.3118064], [55.4541073, -21.3118262], [55.4541386, -21.31182], [55.4541462, -21.3117518], [55.4541948, -21.3114207], [55.454209, -21.3113947], [55.454285, -21.311415], [55.4546097, -21.311548], [55.4546477, -21.3115678], [55.4548455, -21.3115567], [55.4550473, -21.3115001], [55.4551897, -21.3114916], [55.4559082, -21.3114397], [55.4559718, -21.3113395], [55.4562578, -21.3105198], [55.4562859, -21.3104875], [55.4571072, -21.3082295], [55.4571817, -21.3080773], [55.4574278, -21.3077513], [55.4575057, -21.307596], [55.457496, -21.3075374], [55.4574483, -21.3074622], [55.4570734, -21.3071532], [55.4570428, -21.3070945], [55.4570366, -21.3070229], [55.4570827, -21.3069193], [55.4585303, -21.3054893], [55.4586034, -21.3054673], [55.458659, -21.3054483], [55.4588251, -21.3052952], [55.4588284, -21.3052842], [55.4588287, -21.3052541], [55.458832, -21.3052422], [55.4589994, -21.3050824], [55.4590566, -21.3048166], [55.4590107, -21.304717], [55.4581373, -21.3040171], [55.4575012, -21.3034354], [55.4575196, -21.3033224], [55.4575327, -21.3032885], [55.4585292, -21.3021009], [55.4585362, -21.3020569], [55.4585256, -21.3020408], [55.4571796, -21.3009739], [55.4571439, -21.3009166], [55.4571482, -21.3008024], [55.457231, -21.30066], [55.4570177, -21.2999227], [55.456483, -21.2995233], [55.4561044, -21.2994121], [55.4554454, -21.2995975], [55.4552606, -21.2995868]]}"
En exploitation;AÈrien;63;Le Bras de la Plaine/St Pierre;-21.3248276978,55.4718615961;"{""type"": ""LineString"", ""coordinates"": [[55.4737986, -21.3270197], [55.4735093, -21.3268483], [55.4723822, -21.3257745], [55.4721138, -21.3257043], [55.4720706, -21.3254612], [55.4715477, -21.3248076], [55.4714096, -21.3244535], [55.4706153, -21.3232567], [55.4710613, -21.3226642], [55.4713283, -21.3230009]]}"
En exploitation;AÈrien;63;Le Bras de la Plaine/St Pierre;-21.3269100828,55.4735919611;"{""type"": ""LineString"", ""coordinates"": [[55.4737509, -21.3270292], [55.4737376, -21.3270066], [55.473718, -21.3269783], [55.4736784, -21.326942], [55.4736373, -21.3269189], [55.4735767, -21.3268797], [55.4735299, -21.3268593], [55.4735088, -21.3268566], [55.4734595, -21.3268549], [55.4734031, -21.326877]]}"
En exploitation;AÈrien;63;Le Bras de la Plaine/St Pierre;-21.3294010575,55.4784638002;"{""type"": ""LineString"", ""coordinates"": [[55.4818873, -21.3324317], [55.4817821, -21.3323392], [55.4817407, -21.3322918], [55.4817456, -21.3322702], [55.4817722, -21.3321929], [55.4819355, -21.3317079], [55.4820898, -21.3314884], [55.4822293, -21.3310885], [55.4822548, -21.3310156], [55.4822491, -21.3309811], [55.4822348, -21.3309338], [55.4822073, -21.3308995], [55.4821767, -21.3308861], [55.4821501, -21.3308688], [55.4816207, -21.3307115], [55.4815377, -21.3306864], [55.4814729, -21.3306824], [55.4814173, -21.3306974], [55.4813093, -21.3307606], [55.4812178, -21.3308309], [55.4811327, -21.3308439], [55.4810144, -21.3308169], [55.4809851, -21.3308028], [55.4809649, -21.3307852], [55.480954, -21.3307713], [55.4809338, -21.3307503], [55.4809113, -21.3307449], [55.4796549, -21.3304005], [55.4795908, -21.3303684], [55.4795465, -21.3303208], [55.4795384, -21.3302971], [55.4786973, -21.3290449], [55.478588, -21.3289647], [55.4784451, -21.32891], [55.4781924, -21.3288248], [55.4780866, -21.3287944], [55.4779904, -21.3287806], [55.4778918, -21.3287943], [55.4778175, -21.328815], [55.4775835, -21.3288689], [55.4773838, -21.3289071], [55.4773099, -21.3289078], [55.4769817, -21.328834], [55.4769236, -21.3288149], [55.476805, -21.3287111], [55.4766219, -21.328524], [55.4765778, -21.3284181], [55.4765702, -21.3283444], [55.4765625, -21.3283075], [55.4765488, -21.3282269], [55.4765378, -21.3281803], [55.4765033, -21.3281535], [55.4764878, -21.3281386], [55.4757687, -21.3279573], [55.4757498, -21.3279514], [55.4757358, -21.3279395], [55.4757327, -21.3279278], [55.4758249, -21.3276205], [55.4758222, -21.3275885], [55.4758074, -21.3275762], [55.4757917, -21.3275668], [55.4757734, -21.3275626], [55.475752, -21.3275557], [55.4751317, -21.327382], [55.4746511, -21.327459], [55.4745033, -21.327443], [55.4739154, -21.3272883], [55.4737986, -21.3270197]]}"
En exploitation;AÈrien;63;Marquet/St Paul;-20.9862616125,55.3048387725;"{""type"": ""LineString"", ""coordinates"": [[55.3103782, -20.983433], [55.3007439, -20.9885819], [55.3003933, -20.9878015], [55.3001503, -20.9873621], [55.2997703, -20.9874818]]}"
En exploitation;AÈrien;63;Marquet/St Paul;-20.9554870794,55.3058123993;"{""type"": ""LineString"", ""coordinates"": [[55.3073782, -20.9551067], [55.3071791, -20.955183], [55.3069071, -20.9552289], [55.3067329, -20.955232], [55.3065291, -20.95516], [55.3062269, -20.9549779], [55.3060445, -20.9549168], [55.3059095, -20.9549036], [55.3056577, -20.9549592], [55.3055305, -20.9550516], [55.3051395, -20.955464], [55.3049676, -20.9557007], [55.3049258, -20.9559327], [55.3049433, -20.9560586], [55.3049842, -20.9561338], [55.3050943, -20.9562143], [55.3055256, -20.9562684], [55.305864, -20.9563679]]}"
En exploitation;AÈrien;63;Marquet/St Paul;-20.9361363893,55.3290726452;"{""type"": ""LineString"", ""coordinates"": [[55.3285262, -20.9313959], [55.3293558, -20.9317456], [55.3293169, -20.9335118], [55.3292847, -20.9337984], [55.3292534, -20.9339893], [55.3290885, -20.9344339], [55.3288669, -20.9351875], [55.3282789, -20.9362108], [55.3282745, -20.9365978], [55.3287368, -20.9377407], [55.3289281, -20.9384027], [55.3293536, -20.9389396], [55.3299349, -20.9394006], [55.3293697, -20.9405471], [55.3292865, -20.9410391]]}"
En exploitation;AÈrien;63;Le Bras de la Plaine/Le Gol;-21.2785487865,55.3956572184;"{""type"": ""LineString"", ""coordinates"": [[55.3960345, -21.2792334], [55.3958505, -21.279296], [55.3954345, -21.277956], [55.3956788, -21.277711]]}"
En exploitation;AÈrien;63;Le Bras de la Plaine/Le Gol2;-21.2786455638,55.3956077207;"{""type"": ""LineString"", ""coordinates"": [[55.3954709, -21.2775484], [55.3954558, -21.2775435], [55.3954536, -21.2775453], [55.3952965, -21.2779343], [55.3957927, -21.279417], [55.3959389, -21.279441], [55.3961473, -21.2791361]]}"
En exploitation;AÈrien;63;Le Bras de la Plaine/Le Gol2;-21.2517094398,55.4348889929;"{""type"": ""LineString"", ""coordinates"": [[55.4324405, -21.252252], [55.4324026, -21.2525384], [55.4324128, -21.2525891], [55.4324393, -21.2526356], [55.4324566, -21.2526528], [55.432512, -21.252685], [55.4325437, -21.2526914], [55.4325984, -21.2526846], [55.4326193, -21.2526769], [55.4326547, -21.2526542], [55.4326688, -21.25264], [55.4326871, -21.2526107], [55.4327586, -21.2525229], [55.4328122, -21.2524617], [55.4328659, -21.2523991], [55.4328965, -21.2523653], [55.4329642, -21.2522964], [55.4329705, -21.2522936], [55.4333809, -21.2524715], [55.433405, -21.2524755], [55.4334505, -21.252472], [55.4334854, -21.2524658], [55.4335142, -21.2524496], [55.4335299, -21.2524312], [55.4337144, -21.2522307], [55.4337772, -21.2521242], [55.4338066, -21.2520441], [55.4338078, -21.2520189], [55.433774, -21.2518863], [55.4337403, -21.2517357], [55.4336973, -21.2515493], [55.4337002, -21.2514869], [55.4337344, -21.2514133], [55.4337871, -21.2513304], [55.4338267, -21.251298], [55.4338775, -21.2512812], [55.4340429, -21.2512957], [55.4342683, -21.2513285], [55.4345224, -21.2513889], [55.4347634, -21.2514643], [55.4350513, -21.2515168], [55.435315, -21.2515193], [55.4355371, -21.2514861], [55.4356274, -21.2514744], [55.435844, -21.2515234], [55.4362481, -21.2516687], [55.43627, -21.2516715], [55.436353, -21.2516639], [55.4363766, -21.2516555], [55.436436, -21.2516154], [55.4368338, -21.2512607], [55.4368972, -21.251252], [55.4369499, -21.2512482], [55.4370089, -21.2512682], [55.437035, -21.2512945], [55.4371355, -21.2513388], [55.4372483, -21.2513531], [55.437323, -21.251349], [55.43737, -21.2513306], [55.4373947, -21.251309], [55.437412, -21.2512763], [55.4377054, -21.2510314], [55.4377513, -21.2509428], [55.4377622, -21.2508817], [55.4377588, -21.2508164], [55.4377662, -21.2507889], [55.43777, -21.2507813], [55.4378373, -21.2507483]]}"
En exploitation;AÈrien;63;Le Gol/St Leu;-21.278469438,55.395569175;"{""type"": ""LineString"", ""coordinates"": [[55.3953753, -21.2774192], [55.3953883, -21.277951], [55.3955848, -21.2786493], [55.3958321, -21.279357], [55.3959859, -21.2793047]]}"
En exploitation;AÈrien;63;Le Gol/St Leu;-21.2781120982,55.3961166877;"{""type"": ""LineString"", ""coordinates"": [[55.3952399, -21.27709], [55.3964319, -21.2782027], [55.3965437, -21.2789839], [55.3966146, -21.2791625], [55.3964852, -21.2792814]]}"
En exploitation;AÈrien;63;St Paul/Saline;-20.9939545351,55.3057237834;"{""type"": ""LineString"", ""coordinates"": [[55.3079122, -21.0016358], [55.3069813, -21.0009676], [55.3069474, -21.000821], [55.3070259, -21.0007753], [55.3075781, -21.0007343], [55.3076851, -21.0006556], [55.307729, -21.0005365], [55.3076815, -21.00035], [55.3075488, -21.0001892], [55.3075429, -21.0000895], [55.3076802, -20.9998384], [55.3073582, -20.9995295], [55.3074619, -20.9994342], [55.3077286, -20.9993141], [55.3078438, -20.9991292], [55.3079533, -20.9988313], [55.3080847, -20.9986083], [55.3082152, -20.9981962], [55.3082463, -20.9979507], [55.3083034, -20.9978981], [55.3084247, -20.9978129], [55.3084258, -20.9977132], [55.3083352, -20.9975795], [55.3080886, -20.9974907], [55.3080328, -20.9974237], [55.3080483, -20.9973043], [55.3082485, -20.9971202], [55.3083293, -20.9970156], [55.3084058, -20.996969], [55.3084141, -20.9968694], [55.3080307, -20.9963541], [55.3080366, -20.9958356], [55.308053, -20.9956434], [55.3079421, -20.9954363], [55.3079439, -20.9952768], [55.3081374, -20.995053], [55.3081399, -20.9948204], [55.3092125, -20.9938343], [55.3092143, -20.993675], [55.3075324, -20.9922368], [55.3071845, -20.9923462], [55.3065611, -20.9924197], [55.3057472, -20.9924581], [55.3054223, -20.9924217], [55.3051904, -20.9922799], [55.3050049, -20.9921019], [55.3047334, -20.9920229], [55.3038584, -20.9918215], [55.3034966, -20.9912864], [55.3025412, -20.9912769], [55.302494, -20.9911236], [55.3025448, -20.9910112], [55.3028823, -20.9905628], [55.302799, -20.9904224], [55.3021067, -20.9903359], [55.3002662, -20.987091], [55.2996146, -20.9871932]]}"
En exploitation;AÈrien;63;St Paul/Saline;-20.9862185031,55.3048372939;"{""type"": ""LineString"", ""coordinates"": [[55.299758, -20.9874475], [55.3001382, -20.9873278], [55.3001488, -20.987326], [55.3001596, -20.987327], [55.3001697, -20.9873309], [55.3001782, -20.9873371], [55.3001845, -20.9873454], [55.3004282, -20.9877862], [55.3007624, -20.9885304], [55.3103075, -20.9834282], [55.3103782, -20.983433]]}"
En exploitation;AÈrien;63;Abondance/Beaufonds/Riviere de l'Est;-21.1273052513,55.7870927;"{""type"": ""LineString"", ""coordinates"": [[55.7873476, -21.1264159], [55.7872731, -21.1265419], [55.7872051, -21.1271202], [55.7868483, -21.128032], [55.7867165, -21.128138]]}"
En exploitation;AÈrien;63;Abondance/St Pierre;-21.3326192957,55.4820354344;"{""type"": ""LineString"", ""coordinates"": [[55.4821394, -21.3326138], [55.4819636, -21.3326287], [55.4819569, -21.3325916]]}"
En exploitation;AÈrien;63;Abondance/Ste Rose;-21.1275281165,55.7871182003;"{""type"": ""LineString"", ""coordinates"": [[55.7875202, -21.1270556], [55.7872519, -21.1270942], [55.7868857, -21.1280834], [55.786934, -21.1281691]]}"
En exploitation;AÈrien;63;Bois Rouge/Ste Marie;-20.912376624,55.5328933889;"{""type"": ""LineString"", ""coordinates"": [[55.5365441, -20.9158893], [55.5365423, -20.9157548], [55.5356061, -20.9152838], [55.5345607, -20.9151012], [55.5327686, -20.914828], [55.5318562, -20.9147991], [55.5315397, -20.9145175], [55.5320587, -20.9106705], [55.5326037, -20.9067447], [55.5327688, -20.9067487]]}"
En exploitation;AÈrien;63;Dattiers2/Moufia2;-20.8993480855,55.4619769081;"{""type"": ""LineString"", ""coordinates"": [[55.4632742, -20.9001121], [55.4632825, -20.8997863], [55.4626861, -20.8994333], [55.4619708, -20.899232], [55.4615429, -20.8990426], [55.4613957, -20.8990155], [55.4611855, -20.8990534], [55.4604309, -20.8992628], [55.4604449, -20.8993545]]}"
En exploitation;AÈrien;63;Digue/Possession1;-20.9313463965,55.3330722639;"{""type"": ""LineString"", ""coordinates"": [[55.3287445, -20.9306866], [55.3288916, -20.93054], [55.3288781, -20.9301016], [55.3290682, -20.9299528], [55.3290984, -20.9296391], [55.3291164, -20.9294507], [55.3291704, -20.9293198], [55.3292408, -20.9292068], [55.3293419, -20.929106], [55.3294541, -20.9290108], [55.3296053, -20.9289457], [55.3298261, -20.9289019], [55.3300214, -20.9288933], [55.3302554, -20.9288347], [55.330605, -20.9287472], [55.3306622, -20.9289488], [55.3307351, -20.9290607], [55.330933, -20.9291285], [55.3311189, -20.9291922], [55.3311373, -20.9294609], [55.3310563, -20.92966], [55.3310563, -20.9298066], [55.3320353, -20.9298073], [55.332416, -20.9301401], [55.3329931, -20.9306444], [55.3350604, -20.9327406], [55.3367925, -20.934501], [55.3370474, -20.9348431], [55.3380194, -20.9342291]]}"
En exploitation;AÈrien;63;Moufia/Possession;-20.9314731706,55.3331057175;"{""type"": ""LineString"", ""coordinates"": [[55.3380194, -20.9342291], [55.3370317, -20.9349313], [55.3368024, -20.9346631], [55.3366796, -20.9345153], [55.3349898, -20.932802], [55.332925, -20.9307083], [55.3323505, -20.9302062], [55.3319975, -20.9298976], [55.33096, -20.9298969], [55.3309601, -20.9296434], [55.3310399, -20.9294471], [55.3310271, -20.9292568], [55.3309, -20.9292133], [55.3306707, -20.9291348], [55.330573, -20.9289848], [55.3305368, -20.9288578], [55.3302803, -20.928922], [55.3300362, -20.9289831], [55.3298384, -20.9289917], [55.3296355, -20.929032], [55.3295075, -20.9290871], [55.3294093, -20.9291706], [55.3293182, -20.9292612], [55.3292572, -20.9293592], [55.3292111, -20.9294714], [55.329194, -20.9296472], [55.3291603, -20.9299982], [55.3289755, -20.9301429], [55.328989, -20.9305747], [55.3288144, -20.9307485]]}"
En exploitation;AÈrien;63;Moufia/Ste Marie;-20.9120645987,55.5325462835;"{""type"": ""LineString"", ""coordinates"": [[55.5354529, -20.9154468], [55.5354403, -20.9152931], [55.5345542, -20.9151368], [55.5327648, -20.914864], [55.5318549, -20.9148352], [55.5318412, -20.9148324], [55.5318297, -20.9148253], [55.5315133, -20.9145437], [55.5315059, -20.9145348], [55.5315019, -20.9145242], [55.5315016, -20.9145129], [55.5320205, -20.9106659], [55.5325655, -20.90674], [55.5325686, -20.9067298], [55.5325747, -20.9067209], [55.5325832, -20.9067141], [55.5325934, -20.9067098], [55.5326046, -20.9067086], [55.5327698, -20.9067126]]}"
